kilometraje,edad_motor_meses,horas_conduccion,temperatura_motor,falla_15_dias
252111,77,1.9,97.6,0
149485,106,1.6,101.9,0
251099,21,13.0,82.0,0
159005,119,9.8,101.9,0
167308,67,9.2,92.6,1
294688,86,7.4,91.5,0
160216,106,6.6,96.1,0
191850,17,1.9,111.6,1
81251,39,5.0,80.3,0
22883,65,12.8,99.8,1
181975,8,1.1,83.2,0
208411,38,9.6,81.8,0
273303,64,7.9,97.6,1
64319,106,9.4,99.7,0
254536,98,11.0,88.6,1
34160,119,8.1,110.7,1
201899,105,9.3,87.9,0
10766,95,13.6,110.4,1
15655,7,12.0,101.5,0
219917,73,7.8,96.2,0
264835,65,4.9,83.3,1
227279,15,7.0,110.1,1
101998,72,9.8,109.9,1
146687,83,9.0,102.7,1
138840,93,14.0,112.7,1
221723,109,13.8,108.7,1
40823,9,4.9,86.9,0
154168,57,9.6,92.9,0
60053,29,8.1,86.6,0
205847,85,9.0,104.0,1
137562,96,9.6,110.8,1
140415,33,5.7,102.0,0
171431,118,5.8,86.7,0
76191,106,13.6,112.7,1
27969,116,3.3,84.9,0
253465,15,5.3,108.8,1
203553,42,2.7,81.1,0
234435,119,9.4,103.9,1
10452,96,4.0,105.1,1
193783,91,2.1,91.4,1
147632,33,12.1,106.1,1
53649,91,12.7,83.4,0
21110,25,6.1,94.4,0
122180,58,6.3,81.7,0
297283,55,8.1,95.2,0
47394,73,3.5,106.4,1
199344,63,4.0,84.8,0
230320,36,5.6,90.0,0
254231,76,4.6,112.7,1
169047,39,5.5,100.0,0
65439,67,12.1,112.8,1
240456,69,4.0,80.5,0
271038,49,11.2,99.4,1
287469,71,6.8,105.9,1
162074,56,12.4,81.9,0
178707,96,11.0,83.7,1
91909,88,9.6,96.1,0
43068,95,10.2,111.2,1
260201,64,2.0,97.9,0
278664,44,5.8,99.7,0
122515,101,7.2,86.4,0
270878,99,5.4,84.5,0
259061,104,8.2,101.7,0
19934,57,3.3,113.2,0
155446,63,1.4,100.4,1
200111,39,12.1,90.5,0
42506,90,7.1,103.2,1
86894,32,13.3,93.2,0
206949,87,9.4,87.7,1
36959,20,9.9,101.2,0
288468,23,5.1,105.9,1
241834,72,3.7,82.1,0
228586,34,10.9,91.2,1
126412,63,4.6,108.8,1
243174,11,8.2,113.4,1
137906,53,4.4,83.3,0
176979,43,10.3,89.7,0
155891,6,2.1,109.3,1
144657,45,8.9,98.1,0
268192,71,9.0,99.8,0
112899,13,2.8,81.1,0
290590,49,7.2,109.5,1
251896,92,10.5,88.3,1
252913,81,6.5,88.5,0
65305,27,2.2,92.4,0
266603,110,6.4,113.6,1
197532,90,7.2,105.3,1
15966,92,8.0,108.3,1
70356,71,1.9,95.2,0
266857,70,3.6,95.4,0
22375,72,7.5,95.1,0
58938,64,10.8,107.0,1
196354,53,11.4,90.7,1
105515,31,3.2,87.3,0
83830,49,13.1,101.1,0
236912,60,1.6,108.6,1
76859,82,8.7,94.7,0
185473,60,8.8,96.1,0
63483,51,6.3,109.7,1
294220,65,6.1,103.7,1
223258,61,1.6,95.4,0
221977,89,5.2,95.9,1
197558,12,7.6,91.5,0
78633,114,9.9,98.5,0
82586,87,7.7,95.6,0
69705,54,4.1,103.6,0
57453,17,2.9,105.1,0
166785,115,3.9,101.6,0
228122,71,10.4,106.6,1
94641,80,8.0,97.7,0
291580,65,5.9,94.2,0
237057,58,1.4,107.7,1
292192,31,7.0,87.6,0
66849,55,9.0,80.7,0
79634,119,3.1,87.1,0
14514,32,8.4,104.4,1
64304,36,5.2,96.8,0
269938,41,12.5,105.8,1
279378,29,5.6,98.3,0
59952,41,3.8,115.0,1
287922,58,1.4,89.9,0
86755,51,10.3,110.3,1
93910,119,8.7,84.7,0
117271,65,1.6,85.1,0
112068,103,10.1,84.6,1
138929,83,7.1,102.3,1
147802,24,6.6,112.1,1
153045,60,2.2,92.4,0
115301,14,12.6,103.7,1
18652,21,7.7,109.9,0
176660,95,11.1,106.0,1
178639,53,6.1,106.9,1
242448,118,6.3,98.2,1
290564,113,11.4,82.7,1
294901,9,12.0,99.2,1
41778,57,13.4,99.3,0
211184,10,11.9,84.9,0
218868,108,4.6,105.9,1
243263,90,1.6,89.9,1
167194,60,1.1,81.9,0
199937,31,7.7,106.4,1
298643,27,6.9,86.3,0
127489,32,1.7,111.0,1
72194,74,10.3,100.2,0
64133,99,4.6,112.5,1
34209,59,2.7,107.4,0
127742,113,4.4,99.3,0
289399,88,6.2,93.4,1
175896,103,13.8,85.2,1
271912,19,5.2,80.1,0
118006,71,4.7,107.4,1
117623,66,7.0,108.2,1
145696,46,5.5,94.3,0
149277,23,11.9,113.4,1
225085,72,2.3,102.2,1
22313,61,8.7,99.0,0
51931,19,13.0,107.7,1
199134,68,6.9,93.5,1
291927,58,3.7,105.7,1
229836,117,7.0,102.4,1
153294,108,4.0,80.4,1
21953,45,11.7,109.2,1
254652,112,9.4,86.5,1
234304,76,6.2,114.7,1
272864,90,7.3,101.7,0
85280,40,10.0,97.7,0
54900,9,9.9,87.3,0
128481,107,10.9,84.2,1
78047,95,3.6,112.0,1
232090,10,13.0,97.7,0
161011,8,12.1,104.4,1
175774,19,13.7,93.0,1
34375,63,7.2,105.2,1
263160,94,9.4,86.4,1
270784,55,12.0,82.4,1
75247,41,9.0,101.7,0
52611,25,11.1,104.6,1
189803,28,8.0,89.3,0
210451,107,1.1,104.9,1
230621,15,9.1,82.0,0
250237,34,2.0,103.6,1
51861,34,9.9,88.7,0
134948,79,2.5,106.3,1
200796,79,5.1,88.4,0
265015,7,11.3,106.4,1
119734,33,2.1,91.3,0
34947,34,12.9,114.6,1
275629,82,5.3,100.4,1
170454,99,3.8,106.5,1
117408,29,10.8,89.2,0
221557,120,7.4,110.2,1
48212,55,1.2,80.6,0
178180,52,10.3,92.7,0
196527,117,13.2,104.4,1
146112,68,2.7,85.1,0
223113,72,2.1,109.7,1
42533,6,13.4,109.7,1
107565,66,8.4,93.6,0
183441,115,10.5,80.8,1
258362,15,9.8,81.6,0
198969,31,3.3,99.3,0
193927,112,13.2,90.9,1
146657,79,7.2,102.3,1
43130,67,8.5,90.5,0
111908,17,11.9,91.7,0
213041,59,10.9,84.5,0
212680,107,10.4,106.1,1
166235,59,10.2,97.4,0
143929,59,11.8,86.5,0
105156,19,12.8,107.6,1
203622,113,1.7,108.3,1
148605,101,2.8,90.7,0
189831,28,5.1,92.7,0
211182,94,8.8,89.4,1
187223,29,13.4,109.3,1
83139,32,2.0,105.1,0
116466,56,3.1,106.1,0
117993,105,10.3,98.5,0
267099,105,7.1,86.5,1
266274,32,6.1,95.1,0
114936,40,10.7,101.7,0
18017,92,11.5,85.5,0
186185,23,11.2,99.4,0
171786,73,11.2,100.9,1
264730,40,9.8,114.3,1
130627,23,11.7,108.4,1
298730,33,5.6,81.7,0
297661,117,12.7,86.0,1
199575,88,5.6,96.2,0
220778,82,5.4,107.4,1
165334,18,12.3,107.3,1
163627,62,9.6,89.6,0
150737,96,2.2,97.5,1
84507,65,8.4,95.6,0
142656,86,3.1,80.3,0
48181,108,8.7,88.3,0
106307,72,1.3,108.9,1
246149,12,13.3,106.4,1
153865,95,13.8,103.0,1
114974,67,8.2,85.5,0
270102,10,11.0,88.0,1
211079,62,7.8,81.8,1
28261,36,10.4,108.4,1
231359,48,7.4,83.1,0
211867,63,12.3,109.2,1
170232,49,6.2,98.1,0
224559,96,3.8,86.9,1
15449,68,5.2,83.6,0
27230,59,7.4,82.7,0
233792,113,10.8,91.4,1
258542,94,3.7,105.1,1
213757,90,8.7,106.9,1
80918,38,6.8,97.5,0
285227,42,10.4,104.6,1
293406,115,6.9,96.5,0
123348,18,6.6,81.5,0
220421,31,5.2,101.2,0
179390,31,1.8,101.2,0
145037,106,4.0,111.3,1
180237,76,7.2,84.4,1
72197,72,5.5,108.4,1
219188,43,2.0,107.8,1
241028,94,6.7,89.2,1
291049,35,1.6,90.1,0
37377,43,3.1,95.5,0
272182,86,4.8,114.7,1
48656,13,11.1,105.2,1
283772,55,3.9,84.8,0
288638,114,2.1,113.8,1
54095,23,9.9,112.6,0
44105,44,13.5,97.8,0
266307,39,4.3,83.8,0
158993,73,5.2,113.3,1
119072,107,10.6,112.4,1
76975,36,8.3,87.5,0
260825,45,8.4,114.9,1
130226,66,3.7,101.8,0
243521,101,6.9,86.2,0
179097,101,4.9,90.3,1
197181,46,8.6,106.4,1
241841,96,8.1,99.4,1
212665,22,12.6,81.6,0
166338,117,2.9,109.4,1
204297,13,12.6,101.5,0
62288,84,12.7,103.2,1
75209,14,5.4,110.2,1
206258,6,2.6,92.2,0
290478,81,10.8,80.5,1
295846,27,5.0,87.9,0
247901,86,5.4,89.2,0
25929,66,12.9,89.6,1
260347,40,12.0,103.3,1
73056,106,13.5,84.7,1
164191,8,5.5,106.0,1
128012,97,12.5,81.8,1
151824,49,7.9,99.5,0
223071,51,6.0,108.6,1
60685,63,8.7,110.5,1
194017,10,7.8,105.9,1
110920,49,1.0,111.7,0
275675,95,13.2,96.0,1
239268,43,5.1,89.4,0
215158,105,2.6,107.4,1
277203,31,8.8,102.5,1
186130,94,7.9,82.3,1
31867,46,1.6,84.8,0
18103,76,5.0,96.7,0
67984,113,8.4,103.5,1
56243,89,13.2,94.1,0
232879,79,8.4,102.5,1
163478,33,8.6,106.6,1
144518,113,5.4,98.3,0
30509,64,3.4,106.5,1
64068,19,8.0,100.9,0
30685,47,3.5,100.0,0
17849,15,9.6,91.4,0
127948,75,5.6,102.9,1
294485,48,3.6,95.2,0
149740,58,12.7,88.5,0
15000,6,4.5,89.1,0
187682,42,1.1,86.3,0
27332,39,3.0,109.3,1
158628,15,3.1,86.1,0
195433,49,3.2,83.1,0
134743,61,4.5,87.6,0
106803,40,4.8,96.5,0
128992,107,8.9,85.4,0
203598,45,11.3,87.5,1
228766,105,13.6,89.0,1
118142,43,11.2,101.3,0
101688,88,12.7,84.4,0
236357,89,11.0,107.1,1
255235,46,12.2,112.6,1
36134,29,11.4,103.4,1
201560,67,9.5,89.9,0
64080,34,1.3,88.3,0
90420,45,6.0,87.2,0
193750,94,4.8,96.3,0
186402,55,7.3,90.4,0
201060,120,6.3,93.0,1
106348,24,3.7,106.3,1
73955,47,9.1,109.3,0
125077,13,11.4,82.7,0
278330,21,7.3,114.0,1
43770,72,11.2,103.6,1
101507,70,6.2,83.3,0
65217,64,14.0,85.8,1
117290,82,12.1,90.6,1
167559,52,9.4,106.3,1
35455,49,2.9,81.7,0
177125,44,12.8,92.6,1
113306,19,8.3,99.3,0
116797,99,1.0,90.7,0
71153,87,10.7,112.5,1
263233,52,10.5,105.6,1
176541,74,13.1,83.3,1
295655,49,12.9,110.5,1
114571,71,1.8,82.3,0
140417,90,4.1,91.5,0
144168,8,7.3,96.8,0
286091,113,10.8,96.0,1
102539,105,8.1,93.1,0
244250,70,3.5,92.9,1
49135,15,5.8,82.6,0
216909,91,9.5,84.8,1
102212,91,5.7,94.8,0
90016,32,11.9,99.7,0
90793,54,4.6,108.9,1
238846,78,5.9,112.0,1
70394,92,7.0,101.2,0
127139,24,3.2,83.2,0
276706,11,1.6,84.3,0
153749,78,11.4,86.5,1
190822,102,5.7,80.2,1
24813,50,10.9,92.2,0
203970,80,10.4,89.7,1
99968,81,1.4,97.3,0
14541,27,8.0,97.4,0
32160,53,11.9,108.6,1
180546,116,12.7,90.7,1
236969,46,10.9,88.7,0
205788,93,13.1,113.9,1
46154,62,9.1,106.8,1
13443,67,5.5,95.0,0
190317,90,3.8,108.1,1
144866,76,12.8,107.2,1
270322,29,10.9,93.8,1
225820,110,2.6,100.2,1
28110,10,10.4,87.2,0
32692,51,4.4,89.1,0
253711,77,9.3,108.2,1
26511,56,2.8,106.3,1
45963,54,5.7,115.0,1
26030,18,5.7,101.5,0
281343,31,9.0,111.9,1
269094,90,3.6,108.4,1
287205,14,3.6,109.8,1
271515,118,9.4,97.4,1
116073,59,13.4,109.7,1
237779,16,3.5,107.8,1
102156,119,7.5,90.6,0
48199,72,7.6,92.9,0
151256,17,13.9,87.3,1
290526,111,1.4,110.1,1
88871,99,4.4,113.0,1
258306,58,2.8,99.6,0
64970,107,5.1,97.5,0
252036,78,4.9,111.0,1
104901,25,9.2,100.5,0
93541,80,3.3,113.8,1
147111,31,10.3,95.1,0
196129,33,12.6,96.4,0
200844,60,5.6,107.2,1
79570,105,8.7,96.1,0
186962,51,3.0,90.8,0
67918,84,3.7,87.4,0
211805,61,4.1,105.8,1
264766,37,9.9,111.3,1
89410,32,5.4,104.8,0
76343,45,3.1,106.0,0
217428,89,13.3,83.0,1
225711,94,8.4,102.4,1
109671,17,5.5,91.3,0
148493,91,5.9,85.1,0
113016,14,13.0,100.4,0
61183,50,12.8,114.4,1
142606,38,8.4,103.9,1
101831,92,4.1,99.8,0
35841,21,7.4,106.0,1
225633,19,10.6,106.1,1
85638,38,9.9,93.4,0
261473,37,8.8,97.0,0
108618,85,5.0,101.6,0
275420,56,6.9,106.1,1
220882,88,5.5,101.8,0
114747,16,9.1,110.9,0
82809,40,4.3,80.1,0
214707,59,5.9,97.9,0
162032,101,10.5,81.5,1
277045,15,3.0,97.0,0
106668,57,7.6,97.3,0
295647,89,6.8,96.9,0
265650,54,7.7,90.0,0
195405,27,5.6,86.0,0
271027,116,12.2,91.2,1
165937,100,2.5,103.2,1
26797,27,8.7,111.4,0
258076,81,2.7,91.7,1
44157,85,8.8,98.6,0
150854,88,4.6,103.2,1
185724,51,3.4,96.9,0
84217,29,2.0,99.5,0
110398,49,8.8,89.2,0
59813,69,3.3,107.0,1
273819,74,7.9,95.8,0
270716,75,6.7,108.6,1
136238,78,13.2,113.4,1
133142,18,1.5,92.2,0
190283,100,7.5,86.8,1
209870,49,11.9,105.4,1
290256,107,13.5,107.0,1
263603,86,2.1,100.4,1
122533,29,9.2,99.2,0
148962,24,11.5,104.2,1
261325,60,10.6,105.8,1
116510,32,7.3,107.9,0
75394,107,11.6,90.4,1
277339,84,3.9,102.7,1
155988,43,7.1,106.6,1
240343,73,9.7,103.3,1
292454,67,8.5,105.1,1
220446,41,1.3,89.0,0
168023,43,1.5,95.0,0
163573,83,12.0,86.8,1
31304,95,1.3,89.8,0
73883,8,13.6,94.5,0
47554,86,8.1,108.2,1
246092,38,9.9,84.8,0
133672,81,3.3,87.3,0
55527,76,2.4,102.4,1
19182,102,7.7,102.3,1
119774,103,13.3,100.4,1
299094,64,7.1,82.5,0
203343,27,4.6,110.4,1
57284,83,4.5,103.0,1
213830,56,9.9,92.1,0
218432,109,8.8,102.1,1
235978,118,2.7,81.3,0
77313,114,3.6,105.6,1
68151,24,5.3,98.5,0
237060,104,8.7,98.4,1
164390,42,5.5,107.3,1
297694,61,6.3,105.2,1
45521,17,4.0,105.5,0
83223,75,6.1,111.0,1
160504,8,9.8,105.5,1
155968,85,1.5,100.3,1
202101,17,7.3,102.4,1
96858,63,11.2,111.2,1
31966,105,13.9,82.7,1
215604,16,7.5,89.5,0
161767,43,10.8,92.3,0
198280,34,2.5,87.0,0
86323,46,8.1,106.5,0
145603,36,1.8,114.4,0
172934,81,13.9,91.0,1
52609,53,12.3,93.1,0
133918,47,7.2,89.9,0
129398,15,4.6,96.4,0
298274,28,2.2,94.3,0
299529,76,11.6,111.5,1
102407,17,4.0,110.1,1
132121,96,9.6,94.1,0
127172,120,10.6,99.7,0
89939,58,1.3,103.2,1
174269,8,10.8,107.2,1
110954,81,5.6,100.3,0
119692,48,10.0,85.6,0
94290,54,13.7,104.6,1
104162,79,7.1,106.3,1
244806,94,13.4,96.3,1
248614,39,8.1,108.3,1
93710,97,3.2,89.4,0
255732,108,1.4,102.6,1
218063,36,12.7,86.1,0
218068,39,8.9,86.5,0
41103,118,9.9,110.7,1
275847,17,11.8,90.8,0
218095,6,13.3,96.0,1
292325,79,3.2,104.6,1
149079,63,1.5,106.7,1
231452,19,5.8,103.2,1
295734,48,3.2,86.0,0
231822,36,9.6,103.7,1
12992,52,12.0,113.9,1
104897,44,10.5,86.5,0
120079,61,8.7,98.6,0
234482,97,4.6,102.0,1
128365,100,5.2,88.6,0
203877,99,1.2,92.1,1
223134,21,8.6,100.9,0
173460,105,10.5,99.2,1
191865,14,8.0,99.0,0
248368,29,12.8,102.0,0
181315,51,9.4,104.9,1
278126,118,8.8,91.0,1
106406,22,1.2,111.5,0
94876,60,3.5,104.3,1
110401,54,1.2,87.6,0
121487,109,9.8,88.3,0
45853,81,11.2,98.2,0
10177,67,10.4,106.7,1
133204,58,8.2,89.2,0
191944,90,4.8,103.2,1
126387,107,3.7,97.4,0
35642,43,3.5,94.8,0
294821,14,2.2,91.6,0
17087,71,13.3,107.1,1
139239,65,8.5,108.8,1
113413,63,13.3,95.2,1
229452,120,3.1,86.7,1
78324,69,8.0,90.6,0
177746,107,3.9,107.1,1
90118,17,7.0,101.0,0
60693,118,4.3,84.9,0
223510,85,2.2,86.0,1
125444,60,10.1,83.1,0
142062,42,12.2,106.2,1
196515,88,12.7,97.9,1
275341,108,4.5,82.3,1
125946,90,2.1,82.4,0
32432,79,5.9,100.7,0
62957,12,9.6,91.8,0
187172,87,3.0,100.7,1
72945,41,7.4,114.2,1
251498,14,5.0,92.4,0
69822,107,13.5,108.2,1
272474,80,6.6,93.3,1
241246,87,8.8,112.4,1
198918,117,4.6,84.8,0
95712,64,1.3,97.9,0
109471,95,8.8,103.1,1
66634,103,4.0,114.1,1
258460,116,3.3,105.1,1
90723,36,13.4,82.4,0
39529,8,4.1,113.5,1
164377,102,1.1,89.1,1
123281,111,5.0,109.0,1
51068,67,7.7,103.3,1
257099,101,8.3,107.1,1
186562,101,4.8,81.9,1
81289,42,1.9,111.9,1
253822,46,13.2,86.2,1
196582,29,13.0,93.8,1
94851,41,5.6,92.8,0
166192,22,6.1,112.4,1
119000,53,9.2,81.3,0
149293,38,13.2,109.0,1
173248,89,3.3,107.6,1
268482,79,2.3,101.7,1
224334,116,4.4,112.3,1
147110,110,10.8,97.9,0
22613,25,2.0,84.6,0
55920,90,5.7,108.6,1
243999,15,9.0,102.2,1
190956,102,8.2,109.9,1
163621,103,8.4,95.0,1
184712,10,7.4,102.0,1
40831,19,1.8,99.2,0
219950,33,10.9,99.1,0
274668,63,13.0,100.1,1
76420,75,11.5,108.8,1
39779,31,2.5,88.3,0
197532,11,5.7,102.8,1
47211,62,9.9,96.0,0
294787,93,7.8,82.9,0
121090,68,1.9,84.5,0
258881,61,12.3,82.7,1
51854,77,9.4,99.6,0
26206,10,11.2,92.6,0
72171,62,6.8,102.7,1
190062,17,13.9,82.4,1
230457,31,7.0,111.9,1
55817,89,2.1,86.7,0
138787,70,8.3,86.9,0
296112,113,7.0,109.9,1
170523,29,11.9,88.8,0
106087,26,8.8,95.3,0
143283,14,9.6,81.2,0
112686,11,3.2,88.6,0
120783,58,1.4,95.2,0
260102,119,1.5,114.9,1
132437,35,3.8,90.1,0
190226,101,12.8,89.6,1
227955,75,3.5,113.1,1
211396,40,9.3,102.3,1
206023,59,5.6,100.6,0
264597,94,2.7,89.6,0
16569,55,3.2,107.8,1
12166,82,6.7,113.1,1
136832,55,1.8,111.1,1
227011,19,13.0,105.7,1
102004,120,1.5,83.6,0
97035,63,4.6,108.8,1
145014,103,2.8,82.6,0
12275,41,5.8,86.3,0
173724,96,10.7,90.0,1
209703,109,8.7,111.2,1
43050,21,3.3,107.9,0
178297,78,13.3,90.9,1
284047,80,3.1,94.6,0
11568,16,9.1,82.1,0
125722,72,12.8,81.9,1
209667,22,13.8,99.3,0
130064,33,4.3,105.4,0
191810,89,12.0,85.6,1
130497,31,5.9,106.0,1
257130,10,12.1,81.2,0
263889,119,10.3,113.5,1
80743,64,4.9,110.3,1
147981,54,9.7,88.8,0
143088,103,13.0,101.9,0
88595,55,4.6,87.8,0
186004,87,11.7,91.5,1
56450,58,5.3,83.6,0
138019,104,5.3,88.6,0
282323,8,11.0,112.6,1
195324,32,6.8,106.5,1
211950,7,7.4,105.4,1
87247,108,4.4,87.0,0
152883,16,3.4,105.6,1
268143,97,13.8,83.3,1
136896,67,10.3,106.9,1
161221,48,11.7,97.6,0
109809,58,1.6,81.9,0
174049,79,7.1,83.2,0
245416,85,13.0,102.0,1
298366,44,8.2,106.9,1
164554,38,1.8,90.6,0
259226,43,4.8,104.9,1
298197,31,6.7,113.8,1
236844,84,3.2,90.0,1
170041,21,10.5,105.7,1
43665,82,2.2,98.2,0
181990,14,9.9,94.5,0
115877,104,9.3,106.3,1
136501,64,2.4,99.0,0
259829,17,11.1,107.5,1
83729,118,5.9,87.7,0
197447,108,12.1,88.5,1
215219,55,11.1,109.7,1
290258,41,5.5,113.7,1
172887,100,13.0,108.8,1
30238,60,12.9,93.9,0
18978,114,11.9,107.3,1
95274,21,11.6,100.5,0
172347,45,7.5,105.3,1
199176,51,13.9,105.7,1
284340,117,8.9,96.7,0
99315,109,6.3,84.9,0
65426,120,12.7,102.5,1
64849,26,8.9,80.7,0
261306,10,6.1,114.0,1
135791,102,6.2,97.4,0
276290,88,2.2,97.6,1
34907,118,11.3,111.6,1
49667,29,13.9,99.2,0
167888,17,9.7,83.4,0
144494,76,9.4,92.5,0
200147,106,4.2,106.6,1
149686,52,2.7,101.7,0
176358,37,6.7,114.5,1
261892,71,4.3,91.1,0
288310,51,2.0,100.3,0
10055,102,9.4,105.0,1
211617,52,2.1,110.0,1
233271,31,4.0,96.1,0
164185,40,12.6,93.5,0
114659,74,8.5,81.2,0
73383,40,5.2,97.8,0
70334,30,11.8,109.8,1
264867,33,4.6,111.9,1
72274,26,7.7,92.4,0
282465,87,2.1,90.4,0
19942,16,8.6,89.9,0
239657,15,7.8,100.6,0
282262,45,12.5,93.8,0
110544,102,5.2,80.1,0
84998,117,4.5,82.5,0
141910,44,1.6,94.7,0
122935,51,12.9,104.6,1
95597,93,9.1,90.6,0
153294,24,3.4,97.6,0
185671,89,5.7,112.9,1
279157,113,1.8,90.2,1
60291,66,7.6,103.5,1
134441,63,4.9,91.0,0
58154,7,2.9,83.1,0
59206,73,9.7,112.9,1
133287,14,5.7,104.6,1
189201,22,4.6,88.5,0
223582,7,6.8,108.4,1
109317,59,1.3,86.7,0
58945,80,8.9,108.7,1
31559,66,2.4,103.4,1
264408,74,2.4,114.0,1
196247,114,1.8,91.2,0
124868,94,2.0,82.2,0
89441,77,8.1,113.0,1
147442,82,6.5,90.7,0
295594,30,5.3,104.9,1
202050,77,5.8,112.2,1
82498,103,10.2,107.8,1
58211,82,7.5,107.3,1
182821,27,9.4,112.8,1
223203,64,13.5,108.0,1
107957,85,8.6,86.1,0
195623,117,1.8,109.0,1
173585,16,1.4,108.4,1
214094,59,9.4,102.7,1
205908,94,3.4,90.6,1
290855,78,8.4,94.5,0
290051,28,13.8,114.3,1
173356,6,1.8,90.3,0
210711,16,2.5,97.3,0
24577,104,9.7,101.9,0
33014,54,11.4,102.5,1
262069,102,1.5,89.2,1
62764,27,2.0,105.9,1
234562,35,9.4,112.5,1
119615,66,9.0,95.2,0
129821,70,9.9,104.9,1
66178,93,8.6,92.8,0
243019,117,13.9,85.9,1
281366,105,3.5,82.9,0
299387,85,9.5,91.9,1
101144,47,10.0,89.3,0
248927,25,3.3,97.6,0
22085,94,12.8,99.5,1
262665,55,7.9,108.3,1
48692,61,1.8,114.3,1
124020,79,12.5,94.5,0
298921,84,5.2,112.6,1
171954,110,13.2,87.7,1
218320,97,10.7,107.1,1
16222,40,10.4,84.8,0
122224,32,9.6,93.6,0
125257,86,10.7,85.2,1
249324,25,8.4,98.3,0
120614,40,6.7,104.3,0
270997,48,13.9,111.0,1
256842,114,10.5,106.6,1
187463,60,6.5,81.4,0
83099,98,8.4,110.0,1
47144,66,8.7,97.6,0
166311,26,12.4,102.3,1
10674,89,9.2,91.2,0
154269,115,2.4,98.2,0
279607,91,2.0,108.8,1
134157,20,6.2,86.7,0
133989,44,9.6,91.9,0
104895,90,7.5,90.6,0
290593,28,7.8,84.3,0
10280,93,2.3,110.4,1
188177,34,13.8,88.1,1
132572,40,12.3,89.7,0
91499,41,12.5,113.7,1
122904,35,3.6,111.9,1
27832,86,9.4,81.8,0
212135,21,8.3,94.8,0
90996,108,11.0,84.3,1
196861,32,8.0,96.9,0
158850,22,13.5,82.1,1
181805,106,11.1,89.5,1
290898,108,7.2,110.0,1
35820,96,10.4,90.5,1
27979,12,8.7,90.6,0
17942,30,1.7,98.0,0
38503,11,6.5,88.9,0
37089,10,8.2,93.5,0
163682,10,3.3,88.1,0
158213,61,5.2,88.8,0
41021,77,3.7,103.3,1
130846,37,6.7,91.7,0
137681,62,6.4,99.1,0
80037,44,2.4,81.3,0
254372,9,8.5,85.9,0
252680,118,13.9,85.2,1
226620,73,12.9,98.3,1
64356,32,10.7,83.9,0
115557,76,4.5,96.3,0
283504,87,7.9,112.7,1
52246,58,13.8,90.5,0
285436,59,5.9,84.8,0
10612,30,8.4,112.6,1
259833,56,3.1,95.5,0
237579,94,6.3,95.6,0
107224,57,10.3,100.1,0
204813,50,2.8,92.6,0
15106,9,6.3,110.9,1
280520,14,9.0,87.4,0
163721,16,11.7,92.6,1
256401,107,6.7,96.3,0
222988,46,10.9,100.4,0
129261,43,1.7,87.2,0
115356,112,10.1,110.2,1
240059,113,13.6,111.4,1
283852,52,12.1,86.6,1
217504,112,11.6,99.6,1
26767,100,8.3,93.5,0
223015,78,5.5,114.8,1
155342,24,6.8,105.0,1
287624,87,8.4,103.4,1
45082,6,1.7,89.0,0
24827,99,4.9,84.3,0
200848,94,7.1,114.8,1
13542,69,11.9,98.6,1
98489,8,3.5,91.6,0
93813,16,4.1,102.8,1
181984,91,10.9,89.0,1
257753,114,11.8,100.1,1
219334,22,9.2,111.7,1
165421,64,12.3,110.5,1
176354,57,13.6,80.2,1
132260,116,9.0,83.7,0
156624,103,6.0,113.3,1
75274,28,8.9,95.0,0
127856,80,6.1,97.9,0
87315,57,2.8,82.9,0
155903,8,12.7,104.8,1
55729,110,3.3,108.4,1
47500,77,5.7,102.0,0
110146,86,10.4,107.2,1
28385,76,6.9,114.8,1
60574,75,1.8,105.0,1
63281,10,4.6,95.2,0
253020,68,4.6,106.2,1
17717,100,11.1,93.8,0
196498,70,3.8,101.7,0
293968,91,9.6,114.0,1
98533,119,1.2,96.7,0
273283,23,13.4,108.1,1
287655,83,9.8,107.5,1
291050,97,13.9,98.2,1
211130,62,11.6,107.6,1
57894,78,4.0,86.1,0
164229,114,10.4,97.7,1
232087,115,11.0,106.8,1
261061,50,4.0,92.8,0
212382,72,6.1,94.1,0
92813,73,5.1,91.9,0
32771,41,6.9,82.6,0
123230,101,11.1,106.1,1
218163,39,1.6,92.6,0
112338,25,13.2,98.3,0
229062,28,1.4,94.3,0
143900,17,9.7,90.2,0
255725,87,7.4,82.7,0
119577,32,10.5,91.2,0
141475,77,10.4,80.9,1
83082,112,8.7,97.0,0
205587,93,5.8,91.4,0
253409,32,3.0,110.2,1
22982,23,6.6,82.4,0
111347,54,3.0,80.5,0
261707,54,13.7,87.1,0
219808,120,2.5,83.1,1
267596,114,9.2,97.9,0
103417,108,5.5,89.2,0
95159,36,10.4,82.4,0
159446,106,10.6,107.6,1
65745,78,5.6,93.5,0
214018,56,7.0,97.5,0
220471,77,7.9,90.9,0
26386,55,4.1,94.4,0
216698,58,9.5,82.6,0
281728,102,4.8,82.4,1
244668,43,3.9,103.8,1
246349,50,10.5,87.8,0
181226,99,4.0,82.7,0
14104,79,4.8,94.8,0
262623,120,9.7,88.0,0
228682,100,13.8,84.5,1
298643,85,10.9,94.8,1
243674,26,6.9,85.6,0
14465,17,3.2,102.2,1
154145,38,5.7,110.9,1
17263,78,1.3,106.8,1
225425,44,12.8,104.1,1
81616,72,5.2,97.8,0
294486,87,7.6,95.9,0
118569,110,12.1,84.4,0
225486,93,10.2,99.1,1
196457,19,10.6,102.6,1
111080,80,12.0,105.9,1
55382,59,11.3,90.5,0
105421,24,10.4,89.3,0
16832,31,6.3,91.5,0
169495,31,9.6,94.0,0
244369,93,9.1,84.9,1
17660,44,12.3,101.8,0
96960,38,4.1,104.5,1
179260,111,10.6,102.5,1
177484,45,11.2,89.2,0
245438,38,2.0,107.3,1
154523,46,2.7,86.1,0
138275,112,8.1,102.8,1
135465,103,7.9,96.2,0
19843,70,7.8,102.0,0
168685,82,3.3,102.3,1
295587,53,9.1,103.6,1
218175,79,3.5,114.8,1
282443,19,4.3,109.0,1
68977,42,1.6,109.9,0
283554,48,11.3,97.6,1
243379,38,13.4,111.7,1
74247,75,9.0,83.0,0
149149,111,7.9,95.5,0
164998,82,11.1,105.1,1
97276,20,3.4,101.4,0
111937,6,7.4,99.2,0
203256,29,12.3,97.5,1
136459,65,8.8,95.8,0
159773,99,13.1,99.8,1
225554,55,2.2,100.9,0
226856,98,11.8,89.5,1
173075,74,4.3,113.7,1
47305,17,13.8,80.1,0
55120,22,8.1,97.9,0
114208,34,13.1,105.1,1
249389,67,13.1,105.3,1
180524,49,2.6,82.3,0
135303,67,8.7,114.0,1
224204,27,9.5,85.8,0
23093,68,8.6,83.5,0
232446,7,13.8,89.8,1
130377,41,8.9,89.6,0
263261,17,7.1,98.8,0
66540,73,7.7,88.2,0
278570,88,1.6,107.5,1
269147,33,8.2,98.4,0
218308,53,7.9,110.6,1
238478,97,4.9,107.1,1
160827,89,12.1,110.2,1
287188,114,9.6,88.7,0
172019,58,13.4,111.7,1
19960,59,5.0,89.5,0
52758,35,3.8,112.9,0
103689,61,7.0,82.0,0
61174,26,13.6,113.1,1
45154,7,6.0,104.2,1
122816,31,13.1,106.2,1
191277,74,2.9,94.4,1
60175,48,1.1,96.0,0
176187,94,11.6,93.5,1
137022,108,4.7,88.4,0
264507,25,4.5,83.4,0
72851,9,10.9,86.9,0
179094,100,12.5,101.2,1
64803,100,4.2,113.7,1
67190,79,3.2,108.3,1
213359,68,2.0,89.3,0
176611,11,2.2,103.2,1
206421,41,4.9,85.9,0
231858,66,5.7,100.0,0
114982,102,5.6,106.4,1
236881,9,1.3,85.0,0
118225,106,10.6,104.2,1
120079,17,3.6,84.5,0
75584,6,4.9,106.1,1
56474,117,13.4,100.2,1
178457,112,2.9,108.2,1
119669,43,6.2,90.1,0
229782,81,12.1,108.5,1
28671,54,1.9,93.2,0
75072,115,6.3,105.4,1
132627,120,5.1,114.8,1
93291,107,9.1,111.7,1
183913,45,10.1,110.2,1
156177,29,3.4,111.6,1
203501,100,8.7,107.2,1
211481,59,10.8,83.8,1
108432,15,1.6,80.9,0
151791,44,8.9,96.8,0
73669,12,12.2,100.3,0
203824,24,12.4,91.4,0
234622,91,11.1,113.3,1
58355,108,11.8,86.4,1
141408,96,4.9,98.1,0
188920,15,3.5,87.1,0
263279,77,13.4,83.9,1
170824,97,11.6,90.1,1
128878,53,6.5,104.3,0
270048,49,9.0,85.3,0
247864,30,10.0,90.1,0
255252,23,7.8,104.3,1
38024,83,10.4,91.4,0
206349,80,13.9,96.4,1
248415,35,6.7,80.2,0
89247,90,1.9,107.0,1
122469,80,5.7,100.8,0
124014,111,7.3,95.4,0
105650,110,8.6,107.6,1
262223,64,4.0,88.0,0
52470,83,5.0,104.0,1
56277,105,7.6,104.0,1
32148,87,12.8,108.4,1
253419,49,13.3,96.0,0
21853,27,10.5,94.6,0
181590,113,6.1,107.5,1
45659,35,11.7,100.9,0
43010,37,9.9,95.1,0
180222,61,13.5,80.0,1
169748,19,11.0,92.3,0
78212,83,2.8,88.3,0
164255,8,12.1,114.8,1
168447,82,8.7,99.7,1
30285,47,2.7,86.5,0
73048,69,12.5,109.1,1
102397,17,1.2,95.8,0
238445,105,3.6,94.8,0
260528,64,4.3,89.7,1
270814,72,7.7,105.8,1
31367,97,10.1,114.9,1
261858,89,4.8,95.3,0
247105,10,1.0,98.4,0
160842,92,9.5,102.2,1
188627,72,13.7,82.4,1
81156,20,5.6,87.5,0
201543,79,2.6,114.5,1
46624,111,5.6,91.5,0
290116,31,5.7,89.0,0
107560,56,8.9,106.7,0
276705,88,3.8,109.7,1
68899,94,8.4,106.5,1
262237,65,10.7,80.6,1
153467,50,4.7,87.9,0
210480,49,11.6,94.1,1
155659,8,4.3,109.6,1
241145,38,12.8,90.4,1
117354,102,11.5,105.5,1
182728,74,1.0,80.4,0
160594,63,2.4,81.1,1
125756,23,1.6,81.6,0
122363,67,13.4,111.0,1
86788,35,2.0,88.8,0
294516,78,1.3,88.6,1
226890,67,7.2,114.6,1
153680,26,9.3,91.6,0
209117,114,8.8,109.4,1
149896,22,3.4,114.2,0
142483,86,7.8,101.4,0
46872,9,6.1,80.6,0
167061,119,6.7,112.1,1
153075,96,12.0,101.8,1
150219,115,3.1,105.9,1
108439,53,11.4,101.0,0
114955,72,13.0,102.5,1
250027,64,11.0,109.8,1
264881,61,12.6,105.9,1
22951,39,10.0,113.5,1
143670,10,3.6,103.2,1
219551,98,3.0,86.1,1
278948,113,6.5,98.9,1
185631,38,3.7,109.4,1
42638,18,7.7,104.8,0
260782,74,6.9,84.5,1
265700,79,11.9,86.8,1
40937,75,4.0,100.3,0
220792,54,4.7,99.3,0
72177,105,10.6,106.9,1
230933,14,1.3,105.9,1
132532,108,11.6,92.8,0
85637,14,7.3,106.5,0
99494,93,1.4,82.6,0
234630,57,10.9,100.3,0
68293,73,8.2,113.1,1
61118,120,13.7,89.2,1
254404,10,2.9,95.7,0
23305,60,13.8,87.1,0
23018,34,7.9,106.0,0
136633,23,4.8,93.4,0
10366,65,3.9,83.9,0
22025,44,11.0,95.5,0
61705,76,3.3,81.7,0
185041,64,10.7,81.6,1
258460,86,8.1,84.8,0
250213,54,5.5,82.3,0
145777,29,12.5,81.2,0
181766,77,3.6,93.1,1
184455,83,10.0,84.0,1
201167,104,6.2,88.3,0
108666,24,8.4,113.0,0
193373,48,1.1,111.6,1
17670,98,9.1,105.3,1
19874,25,1.2,97.7,0
95797,62,11.5,103.9,1
282913,101,8.3,90.4,0
283686,27,4.3,105.9,1
76703,102,7.2,89.6,0
112975,110,10.4,92.0,1
125519,113,10.6,112.6,1
199842,52,9.3,81.9,0
60540,90,11.6,92.4,1
138016,19,6.9,90.2,0
202955,26,5.8,109.0,1
177944,112,10.0,94.3,1
272069,104,10.7,97.9,1
233622,58,6.7,109.1,1
258946,36,1.0,93.1,0
95177,36,12.1,85.6,0
34926,39,2.8,86.1,0
227419,68,2.2,88.4,1
124611,78,13.1,107.8,1
298394,50,3.8,114.8,1
136739,20,5.0,87.2,0
53290,96,4.8,88.8,0
85318,119,6.7,110.0,1
18366,73,13.0,102.6,1
194246,81,9.8,96.7,0
179623,24,3.9,102.5,1
54189,79,10.9,97.1,0
26491,113,6.8,109.8,1
272467,104,6.9,84.1,0
39009,43,10.0,83.4,0
265236,50,4.3,101.8,0
240057,58,10.2,102.2,1
213646,29,10.8,92.8,1
66400,61,9.7,112.8,1
254998,106,10.9,108.3,1
16510,50,3.6,95.6,0
52637,83,7.4,84.5,0
228348,9,3.9,95.2,0
36791,16,6.8,86.2,0
96060,61,4.7,86.9,0
160682,34,10.9,105.1,1
175753,12,3.7,110.2,1
58677,43,7.1,97.3,0
136348,96,6.9,100.2,0
155540,30,13.1,101.7,0
108804,22,7.6,101.8,0
229651,93,2.7,105.2,1
111430,16,10.2,81.2,0
33625,10,9.1,114.4,0
263580,12,1.1,112.4,1
239438,36,13.7,93.9,1
252656,11,5.9,95.3,0
289112,64,12.2,95.9,1
135831,55,1.8,101.8,0
227502,61,13.1,110.4,1
170562,108,2.0,85.7,0
226048,104,8.8,81.2,0
100038,27,7.6,88.5,0
253392,61,3.1,93.2,0
43585,43,4.0,99.4,0
190497,6,10.3,87.0,1
138482,28,4.8,108.0,1
217434,97,9.2,84.4,1
87937,120,11.3,86.2,0
297022,117,1.4,82.4,1
124378,40,9.8,100.1,0
87995,25,2.5,88.5,0
292038,86,11.2,92.6,1
157407,93,8.1,101.5,0
156633,60,3.5,92.4,0
153897,73,5.4,110.8,1
91144,88,11.5,104.9,1
116950,6,12.8,106.7,1
82429,114,11.7,83.6,1
269560,107,9.8,110.5,1
250111,114,11.4,107.8,1
151374,70,10.3,109.7,1
246297,101,1.2,81.4,0
227692,55,4.2,104.7,1
55645,79,4.5,100.5,0
111361,97,13.2,109.4,1
35119,39,13.4,108.9,1
238197,47,1.6,80.9,0
115822,112,4.1,104.6,1
252115,68,6.4,87.0,1
230723,31,11.1,98.8,0
75116,99,1.2,103.5,1
151252,65,13.5,84.4,1
255974,118,9.4,81.9,1
27383,44,12.5,92.1,0
174418,23,6.1,107.3,1
241108,108,8.6,83.6,0
63795,42,4.0,114.3,0
149895,87,4.2,103.0,1
233911,99,10.6,91.1,1
87028,73,3.4,83.8,0
274378,38,10.9,86.4,1
41022,97,9.8,104.1,1
134252,11,11.0,102.0,1
238922,8,11.3,105.4,1
266798,34,5.9,107.9,1
137181,106,7.7,101.4,0
208649,114,13.8,106.7,1
263809,33,12.1,90.4,0
197059,118,7.2,81.6,0
99691,45,2.2,111.7,0
72555,118,11.7,84.4,1
243580,15,10.2,110.6,1
299823,72,1.6,104.8,1
83176,23,2.0,109.2,0
258676,93,2.4,95.4,0
207329,35,1.4,90.8,0
231205,103,9.7,111.1,1
46509,34,7.7,96.3,0
236679,59,6.1,108.5,1
269498,90,4.4,105.5,1
87028,21,9.3,87.6,0
284235,98,11.8,97.9,1
47170,13,10.2,98.1,0
141536,63,12.0,107.1,1
274713,42,11.7,92.4,0
56109,32,13.1,112.5,1
61803,54,11.9,113.7,1
48661,82,8.7,80.2,0
57798,9,8.5,110.5,1
61483,59,4.6,91.1,0
52838,43,8.6,86.7,0
282184,71,9.7,108.4,1
183143,83,13.2,85.4,1
41854,84,9.3,106.5,1
290693,87,7.3,89.0,0
197614,24,11.6,106.5,1
28238,105,3.6,91.4,0
172724,24,11.6,97.2,0
178312,54,10.0,89.0,1
299792,27,11.0,87.9,0
160052,17,5.0,110.2,1
210597,104,9.1,106.2,1
257545,91,11.9,84.2,1
201040,94,4.8,104.4,1
34395,80,9.3,81.0,0
199195,116,4.2,88.1,0
210154,81,11.0,90.0,1
193550,58,7.4,112.6,1
91896,7,8.2,92.6,0
34754,108,2.0,97.4,0
61333,20,1.2,91.8,0
211637,76,3.4,96.8,0
251547,94,6.2,88.2,1
259278,55,6.4,99.5,0
97201,35,5.9,97.8,0
72350,99,5.5,97.7,0
234065,9,5.3,92.7,0
207491,78,4.8,104.5,1
38038,46,12.3,91.3,0
201639,111,7.0,100.8,1
183469,102,8.5,81.7,1
20990,21,9.5,80.2,0
141816,44,13.7,100.0,0
112730,29,4.5,108.8,1
248614,88,2.2,85.8,1
169386,27,13.7,87.6,1
219609,85,7.5,106.1,1
193879,33,3.2,106.0,1
282411,59,1.3,113.9,1
245319,66,3.6,101.9,1
93927,48,4.8,101.2,0
92398,27,10.1,103.5,1
227394,111,9.3,114.7,1
29105,23,7.1,88.3,0
138134,95,13.6,86.7,1
61594,113,3.8,92.5,0
291492,62,4.7,103.9,1
83778,91,13.7,104.5,1
64749,79,5.1,95.9,0
135463,66,13.0,80.7,0
235640,59,9.2,102.1,1
51407,15,2.1,85.9,0
297332,82,13.6,101.4,1
29709,91,12.5,102.8,1
166544,15,1.1,86.5,0
97468,113,5.6,92.7,0
269203,43,8.0,108.4,1
299706,109,7.5,89.0,0
185848,36,3.4,86.1,0
92797,54,1.8,106.0,1
19044,10,6.4,110.7,1
232841,42,4.9,113.9,1
45135,58,11.6,105.0,1
246737,73,3.4,93.5,1
128994,89,6.8,108.2,1
17075,51,9.9,101.5,0
24630,17,10.2,110.5,1
120355,22,12.9,112.5,1
176173,106,11.2,92.1,1
125895,116,13.2,109.4,1
279791,108,6.1,80.3,1
298559,35,1.7,89.1,0
14981,30,5.6,101.6,0
145723,44,2.6,110.7,0
296639,7,4.7,101.6,0
208563,91,3.4,99.4,1
222977,64,5.6,108.0,1
54267,28,7.4,84.1,0
112952,58,9.9,113.4,0
212931,99,4.5,82.3,1
105783,99,13.1,105.4,1
235476,29,8.0,98.3,0
169484,19,7.5,87.9,0
68796,31,4.9,111.5,1
194894,17,4.5,107.0,1
284721,102,10.9,104.7,1
77970,31,2.1,86.1,0
177124,6,6.1,111.5,1
190943,91,6.6,88.8,0
86826,88,2.3,80.6,0
52555,114,2.1,93.5,0
153831,91,4.4,102.5,1
117922,50,11.5,98.1,0
52574,12,7.8,83.6,0
68458,84,2.9,109.6,1
63151,34,12.5,82.1,0
119078,73,5.9,114.9,1
76356,112,6.8,94.5,0
113252,80,7.7,85.2,0
58858,59,4.8,97.6,0
287864,104,1.8,99.7,0
171139,70,7.4,86.4,1
123692,43,9.4,94.4,0
291574,18,4.8,91.4,0
218295,51,3.2,91.7,0
238399,9,5.9,82.7,0
130684,81,13.5,98.3,0
165196,6,13.7,107.1,1
48671,114,12.5,96.6,1
36035,100,12.9,97.6,0
92759,54,3.3,81.4,0
115308,103,11.8,101.1,1
275675,109,9.9,93.6,0
196276,120,2.6,93.1,0
241054,104,4.7,103.4,1
205827,79,10.6,88.4,1
72515,80,8.1,87.3,0
79109,44,4.7,86.1,0
246345,98,10.0,98.2,0
144164,95,7.7,82.7,0
85694,113,8.2,110.0,1
298566,89,4.5,110.9,1
69831,12,9.1,110.8,1
96306,9,7.6,100.6,0
135477,116,1.5,93.8,0
35185,59,2.6,93.7,0
89564,25,1.8,93.8,0
51683,69,13.4,88.6,1
99740,77,9.7,91.3,0
235971,110,4.5,97.8,0
228744,38,12.5,85.6,1
77622,32,5.3,107.5,0
279464,26,3.2,103.9,1
228771,36,13.8,104.0,1
78588,50,9.4,109.2,0
51798,36,6.5,84.6,0
82799,71,12.7,111.0,1
142408,23,7.7,111.8,0
203794,69,13.7,89.5,1
209419,6,5.2,96.3,0
16687,56,10.9,112.2,1
280998,90,13.1,103.1,1
224399,16,10.4,83.3,1
177795,82,3.6,95.9,1
26752,29,3.0,112.3,0
55493,77,7.9,105.2,1
275054,35,13.2,108.4,1
67014,109,2.1,112.9,1
162677,53,5.3,108.2,1
236247,10,12.3,104.3,1
82357,105,13.0,92.9,1
184199,35,4.7,90.1,0
74337,7,1.8,100.8,0
204656,118,10.9,99.4,1
267523,38,3.9,97.6,0
232461,40,3.8,102.1,1
85298,115,9.1,105.5,1
257165,17,6.8,106.0,1
235535,10,2.4,87.4,0
285930,10,10.2,97.5,1
253891,13,4.1,114.4,1
152224,114,9.1,111.7,1
131121,16,9.6,90.0,0
229958,76,7.6,108.1,1
168473,53,11.2,113.8,1
251071,94,6.0,96.4,0
70931,118,12.1,88.0,0
113658,55,2.5,98.1,0
189842,96,3.2,110.1,1
232411,117,9.1,99.7,1
182425,43,11.9,103.6,1
217597,65,12.5,81.1,1
42075,16,5.3,108.3,0
173774,92,1.2,85.7,1
275745,60,5.5,105.4,1
192028,44,6.1,99.2,0
213457,109,8.6,86.9,0
24196,79,12.0,105.8,1
131730,7,5.9,96.3,0
179505,109,6.4,108.8,1
233799,52,9.9,99.5,0
249388,65,10.1,84.8,1
155976,56,11.8,87.5,0
28152,77,1.3,106.0,1
299935,86,13.3,89.3,1
88460,62,13.5,90.5,1
180733,51,13.6,108.2,1
75020,48,9.7,86.8,0
155931,118,7.8,102.3,1
107944,60,13.9,80.5,0
62056,71,10.0,87.1,1
80045,111,3.8,108.0,1
180795,68,1.1,110.8,1
161158,115,7.2,90.6,0
290747,66,12.2,81.5,1
77317,86,11.3,91.9,1
273916,76,9.4,107.8,1
90261,74,7.2,105.2,1
224579,113,8.9,82.6,0
16467,107,10.1,108.5,1
69135,61,13.2,103.9,1
70367,15,13.5,108.3,1
217915,113,9.7,99.5,1
36363,108,2.2,98.7,0
256416,46,6.3,86.1,0
229481,42,12.9,111.8,1
181682,77,3.0,92.7,0
234388,28,13.0,110.1,1
232524,44,8.8,87.6,0
120578,99,3.3,91.0,0
185456,52,2.6,86.6,0
236908,96,10.5,85.0,1
194552,48,4.3,92.1,0
229961,110,6.9,83.3,1
131331,57,4.5,111.9,0
18142,46,3.8,91.8,0
217900,11,6.7,114.2,1
93892,32,3.6,99.6,0
144371,111,6.2,94.4,0
35042,44,13.2,112.3,1
124348,22,10.6,80.1,0
56089,54,11.8,85.1,0
23751,64,13.3,80.7,1
156933,19,12.3,91.0,1
55834,38,11.2,84.0,0
40556,51,6.1,105.9,1
126348,18,3.5,93.1,0
82089,109,10.9,96.4,0
56026,9,5.0,114.9,0
116696,59,4.3,86.6,0
191027,19,8.7,95.3,0
211236,23,1.8,81.1,0
33312,41,8.0,113.4,0
262350,105,2.9,110.2,1
41848,89,8.7,104.9,1
240887,25,7.3,100.0,0
13514,75,13.6,97.3,0
55136,106,4.8,93.2,0
71284,29,2.5,107.8,0
162060,9,12.6,104.2,1
239422,97,9.3,87.8,1
207021,107,4.2,98.6,1
218549,104,4.4,105.1,1
171756,53,8.4,108.0,1
93071,81,7.3,105.6,1
181044,109,1.1,101.9,0
226588,89,7.3,105.2,1
209433,28,5.2,103.6,1
225142,72,12.8,112.0,1
282073,35,8.0,91.7,0
23427,39,13.0,104.4,1
152066,81,7.8,109.1,1
246390,69,11.4,111.3,1
66513,85,3.0,98.2,0
60968,9,4.9,109.3,1
72521,99,2.8,93.5,0
25523,107,6.8,82.5,0
179015,83,9.1,100.3,0
42588,79,12.2,97.1,1
86833,48,11.0,105.0,1
264366,115,8.2,91.4,1
257074,31,4.7,91.0,0
77629,85,4.4,105.6,1
281890,95,6.5,93.9,1
159830,49,10.3,92.1,0
224728,41,10.3,104.1,1
211145,107,13.1,84.0,1
217735,72,10.0,94.6,1
289050,74,7.9,96.8,1
101378,103,13.6,91.1,0
275355,9,9.8,91.9,0
207595,11,11.7,113.1,1
144862,105,1.9,99.4,0
113618,57,10.3,81.2,0
221994,17,1.1,100.3,0
139123,23,6.0,114.4,1
257305,8,11.4,96.0,1
119074,37,3.8,85.6,0
248305,11,2.3,100.8,0
60511,68,13.2,92.6,1
82771,27,5.0,94.5,0
132583,83,5.7,87.4,0
54116,54,12.4,105.0,1
188084,84,4.1,107.7,1
45730,110,4.4,106.5,1
283136,62,1.9,104.0,1
171351,85,10.5,88.8,1
105364,43,5.3,113.3,0
74688,34,7.4,81.3,0
52056,10,13.1,101.3,0
264077,71,2.3,86.6,1
99808,39,13.2,107.5,1
106721,49,13.0,86.2,0
54653,67,5.0,107.1,1
273807,119,9.8,97.5,0
274163,109,7.0,97.6,0
88630,101,8.1,98.1,0
200295,14,1.5,111.9,1
93711,53,6.7,83.4,0
141406,20,10.5,110.9,1
176893,114,9.5,110.8,1
283250,58,7.0,83.2,0
41467,32,8.1,95.6,0
206332,100,11.9,108.1,1
88391,44,11.6,113.8,1
152457,111,10.3,99.8,1
277103,7,4.5,99.5,0
119344,76,7.8,83.4,0
214908,94,2.8,110.2,1
183780,53,2.4,96.5,0
24272,111,4.9,96.7,0
153617,94,13.4,109.7,1
297981,50,1.6,90.6,0
71484,85,1.8,81.0,0
287109,16,2.4,109.1,1
214356,66,7.9,95.9,1
64832,80,7.1,96.7,0
136783,95,5.8,87.1,0
19866,103,11.2,107.8,1
52165,55,6.9,88.8,0
167357,85,8.5,113.9,1
182148,13,7.0,95.5,0
258260,55,11.7,113.8,1
61789,62,13.1,96.8,1
213308,112,10.7,109.5,1
99680,46,8.1,96.8,0
178019,85,12.2,104.5,1
67151,89,2.3,99.8,0
91960,58,11.4,96.9,0
150829,76,10.2,85.9,1
229787,90,3.5,84.7,0
27843,61,1.2,81.9,0
245520,115,3.2,90.2,0
292175,112,13.1,112.1,1
164729,32,11.9,83.0,0
145662,60,3.4,86.2,0
39382,37,8.2,87.1,0
249281,35,12.3,84.9,1
42935,11,12.5,92.3,0
82802,50,9.0,96.9,0
125241,64,11.4,112.8,1
161315,18,10.4,82.2,1
164675,68,11.1,107.6,1
193916,113,6.2,112.0,1
298123,80,7.0,96.5,0
222791,91,11.1,90.4,1
65450,108,6.1,97.2,0
214420,106,6.4,106.6,1
285704,93,3.8,112.6,1
166975,119,7.2,93.2,1
44472,109,2.9,101.1,0
62815,23,3.7,100.8,0
93645,98,2.2,85.8,0
55591,58,10.5,113.0,1
142064,44,6.9,89.9,0
101633,7,12.2,83.2,0
72969,61,12.8,105.5,1
182691,68,10.8,92.9,1
45377,19,8.6,93.5,0
171674,64,9.6,106.6,1
169881,89,2.3,106.5,1
52757,83,9.3,92.7,0
160029,46,12.1,104.7,1
131979,9,7.6,90.2,0
59601,89,10.8,110.4,1
260757,107,5.3,108.7,1
151926,25,7.2,81.3,0
64598,98,2.5,97.5,0
37048,75,8.9,95.5,0
70357,69,4.0,91.4,0
99400,77,5.2,100.3,0
278385,109,9.5,103.1,1
120485,34,10.3,99.1,0
102477,109,1.8,98.2,0
69380,46,3.7,80.3,0
44433,85,12.4,104.4,1
46077,24,11.6,105.1,1
273871,108,6.1,90.0,1
61052,13,9.1,87.9,0
292901,55,4.0,94.9,0
92801,15,1.2,89.5,0
296662,64,10.6,85.8,1
154794,119,3.0,82.1,0
135640,37,10.4,102.2,1
244114,39,11.2,104.7,1
59152,52,12.7,102.4,1
148988,66,11.0,92.4,0
212686,46,2.8,82.4,0
77781,117,8.7,96.7,0
35995,85,7.6,111.0,1
248862,61,5.2,85.2,1
296266,83,6.1,82.0,0
103958,65,5.2,92.5,0
298766,70,6.4,107.7,1
41352,110,8.4,106.0,1
282935,54,2.4,114.4,1
12220,109,7.0,114.2,1
132854,119,3.8,111.8,1
274940,60,13.4,81.1,1
140425,48,6.2,101.8,0
269168,38,11.8,86.3,0
107311,19,3.3,97.3,0
87812,107,13.6,82.8,0
276985,102,1.3,103.1,1
210961,60,11.8,82.1,0
124743,23,3.8,106.5,1
57981,113,10.6,86.7,0
173625,71,2.8,97.2,1
282802,31,3.5,100.7,0
271343,69,1.4,106.3,1
47358,53,8.5,88.2,0
15071,43,12.0,92.5,0
76343,84,1.1,97.1,0
206379,43,11.2,94.7,0
43608,15,9.7,97.4,0
116976,25,7.2,95.3,0
186548,13,7.0,102.7,1
174413,20,4.2,96.6,0
296626,69,4.6,98.6,1
285731,70,2.1,99.0,1
217537,16,3.5,106.4,1
145258,31,9.5,105.7,0
132543,51,7.5,103.4,0
265637,22,11.3,93.4,1
252793,110,10.1,107.5,1
139746,80,7.8,80.5,0
128287,59,4.6,81.3,0
242889,32,9.7,98.3,0
90015,81,11.2,102.3,1
174353,58,5.6,89.3,0
264928,80,2.6,91.2,0
136042,104,5.3,87.5,0
143060,34,5.2,92.1,0
65420,103,9.8,95.3,0
222803,19,8.2,85.2,0
299379,13,9.8,81.0,0
112667,34,5.6,84.7,0
232446,31,7.3,91.8,0
59594,91,8.6,90.6,0
90779,74,13.5,103.7,1
240687,109,1.3,83.9,1
169197,68,8.0,109.3,1
108592,27,5.2,88.4,0
223812,26,5.0,104.7,1
235420,71,13.4,89.4,1
36788,99,2.2,96.5,0
165793,62,3.3,109.2,1
58911,63,6.8,109.3,1
220350,91,1.4,87.6,0
214514,58,7.3,95.1,0
153254,83,13.6,86.9,1
217168,104,5.9,103.2,1
220053,80,7.4,91.6,1
270716,57,3.6,105.3,1
115927,107,6.2,113.4,1
129273,62,9.9,109.3,1
42662,59,9.5,96.7,0
162520,44,4.9,85.2,0
106262,80,7.9,102.8,1
45835,87,4.0,86.5,0
177057,112,4.9,114.1,1
58683,52,7.4,104.4,1
15613,19,6.7,96.8,0
23370,14,9.2,84.7,0
217940,105,2.4,105.9,1
85053,115,9.6,100.2,0
44998,10,13.9,92.0,0
178584,53,4.7,104.5,1
234572,105,13.2,87.7,1
267439,100,13.3,82.4,1
24210,90,8.4,96.5,0
270114,105,3.8,101.7,1
149933,106,13.5,94.8,0
249294,48,5.3,104.0,1
54171,6,1.3,109.9,1
119598,119,2.9,108.7,1
287283,57,4.7,87.7,0
184343,6,12.2,113.8,1
286594,52,10.5,103.2,1
269718,43,4.8,97.3,0
81176,60,4.8,83.3,0
40560,37,4.0,104.5,1
180512,56,10.7,108.5,1
82145,37,1.9,89.4,0
237878,23,3.1,92.5,0
23338,24,5.1,83.9,0
192382,96,12.9,82.7,1
160890,71,9.6,87.0,0
149171,80,4.8,82.5,0
285489,118,9.1,89.7,0
222325,103,13.8,83.2,1
146658,115,3.0,94.1,0
102934,28,6.8,107.6,0
36618,51,11.0,92.9,0
154634,97,10.8,96.0,1
35772,20,9.7,104.1,1
10049,48,4.2,82.9,0
200130,15,12.2,97.9,0
135423,66,2.7,110.7,1
216836,72,4.4,92.5,1
107778,56,9.8,84.7,0
163481,65,10.6,95.5,1
232129,57,9.2,90.2,0
285356,18,13.3,89.1,1
291376,76,12.6,96.5,1
261181,116,3.3,92.1,0
267012,70,12.3,93.1,1
174716,117,10.0,110.0,1
254511,13,1.1,96.6,0
95854,91,7.1,83.7,0
83717,94,9.6,85.2,0
34032,22,11.1,90.7,0
197220,48,11.7,103.8,1
80828,45,12.0,85.3,0
16961,33,5.9,111.6,0
147484,85,13.6,108.8,1
201083,65,4.6,92.2,0
161698,48,1.8,100.7,0
260262,12,13.1,91.2,0
212377,23,6.5,112.4,1
211857,25,5.1,81.7,0
59827,96,12.6,88.9,0
128345,94,10.3,110.3,1
103894,35,8.1,113.5,1
200547,85,4.2,111.3,1
200308,27,5.7,80.7,0
209522,22,6.0,83.2,0
206898,42,9.5,97.9,0
195411,10,11.3,111.5,1
77418,70,2.2,89.9,0
266421,15,5.7,105.0,1
95464,69,6.2,85.0,0
291187,117,6.0,102.1,1
73136,57,12.7,86.0,0
230110,9,10.0,101.3,1
268447,80,9.7,96.1,0
178376,6,4.0,85.9,0
187577,65,9.9,84.2,1
96838,56,1.6,84.2,0
163682,20,5.0,85.5,0
148927,40,9.7,106.9,0
64320,45,9.3,108.8,0
274115,12,6.7,95.2,0
207553,57,11.1,101.9,0
106800,51,10.5,108.5,1
30803,32,13.1,107.5,1
215907,56,12.9,111.6,1
205732,87,11.6,96.9,1
184775,36,7.6,109.6,1
63864,59,4.7,83.8,0
15000,15,13.9,103.7,1
271873,93,11.8,100.9,1
215147,43,14.0,103.0,1
51726,114,8.6,84.8,0
252495,38,3.9,110.7,1
14969,75,9.9,83.3,0
230847,45,3.6,83.6,0
286281,108,1.0,99.2,1
195561,45,10.4,102.9,1
251778,96,5.2,113.3,1
77525,13,11.0,95.4,0
192112,103,10.6,113.4,1
115201,42,4.3,106.4,0
268480,25,4.1,82.0,0
246288,81,6.9,81.5,0
90384,6,7.7,100.7,0
273207,41,13.6,95.0,1
171991,110,2.7,95.1,0
173239,38,3.7,83.2,0
182822,37,9.3,84.8,0
112952,102,11.3,82.4,0
261676,6,10.9,101.8,1
32423,100,8.4,107.0,1
118199,20,6.8,111.7,1
93720,78,11.4,89.8,0
40646,85,12.1,81.0,0
65411,54,7.1,80.1,0
105854,116,6.4,107.6,1
106713,97,13.6,83.3,1
21756,110,1.5,92.7,0
170314,104,1.1,90.0,1
82850,93,4.7,85.3,0
197146,58,10.9,93.0,0
141223,106,2.6,106.0,1
224666,120,1.7,113.8,1
171455,77,12.2,101.2,1
128992,112,12.1,101.8,0
198247,84,8.4,87.6,1
206720,92,1.4,85.4,1
16429,77,6.6,83.2,0
285132,20,3.8,82.0,0
187512,68,3.7,114.9,1
76900,82,4.7,108.1,1
152309,55,9.2,85.2,0
153142,96,14.0,112.5,1
65262,120,9.1,110.2,1
113824,23,8.2,96.7,0
126335,105,10.9,96.3,0
264166,36,8.6,86.8,0
193807,64,10.3,95.9,1
233905,37,1.2,107.0,1
252607,70,13.5,82.7,1
62912,110,13.9,106.8,1
71752,10,8.7,84.2,0
249737,114,10.1,113.8,1
28311,119,3.8,98.0,0
113765,62,5.9,88.4,0
117800,92,1.8,90.5,0
152797,65,7.3,83.9,1
97316,37,9.1,101.8,0
231473,69,2.8,96.2,0
232372,43,2.6,109.2,1
170996,119,7.2,92.5,1
181784,83,9.6,107.0,1
46414,98,10.3,81.7,0
253602,84,7.6,111.2,1
212489,105,13.9,113.5,1
222436,7,12.8,83.9,0
90593,105,6.9,112.0,1
228949,95,2.4,81.0,1
100170,105,6.2,87.6,0
75381,8,3.7,93.6,0
287648,103,1.6,92.2,1
100779,76,1.2,109.9,1
245861,47,3.7,104.7,1
158668,112,10.3,108.7,1
139797,18,9.6,85.9,0
172085,42,8.7,101.4,0
147557,60,2.3,90.9,0
240906,82,3.8,89.9,1
68291,57,5.7,102.9,0
27298,46,5.8,106.3,0
138047,36,3.5,100.3,0
27988,110,8.8,98.4,0
99552,7,8.5,92.6,0
104048,70,2.2,111.0,1
298147,51,9.5,95.0,0
74037,19,11.4,95.3,0
274775,78,2.1,114.6,1
240565,48,2.4,91.0,0
297505,117,12.7,88.3,1
54714,79,6.0,86.0,0
194251,55,4.4,91.3,0
259220,77,11.2,105.2,1
291654,17,2.6,93.4,0
149309,61,7.5,98.5,0
243368,66,5.5,91.7,1
251837,14,8.6,88.6,0
67915,107,6.7,93.9,0
34168,90,1.1,81.8,0
81862,71,6.4,98.3,0
142613,99,9.9,106.9,1
289144,107,8.2,108.1,1
101493,31,3.3,97.1,0
32891,83,1.7,80.3,0
232566,103,13.7,113.5,1
234073,11,12.6,101.2,0
118913,100,12.8,88.6,1
170497,67,2.4,85.9,0
69691,41,3.0,94.6,0
125677,31,5.9,85.4,0
57274,50,8.4,100.3,0
184697,75,11.7,115.0,1
181866,33,11.1,98.6,1
68809,34,1.0,104.0,0
103250,119,9.7,107.0,1
83154,33,8.9,110.9,0
35953,87,2.3,113.9,1
171160,51,9.8,86.0,0
82063,30,9.1,90.3,0
288005,109,8.6,91.0,0
268115,68,11.3,104.3,1
251693,48,9.9,113.7,1
128759,36,7.5,113.3,1
70454,120,11.9,106.8,1
136458,42,5.5,104.8,1
113567,33,9.1,99.9,0
180228,7,8.2,85.9,0
114294,101,9.2,113.4,1
255001,76,11.0,96.4,1
160864,68,9.9,96.6,0
258357,78,1.3,83.9,1
43750,38,2.1,105.8,1
18856,94,5.2,89.5,0
16295,21,4.5,81.8,0
32441,78,12.6,104.4,1
112196,10,1.5,105.8,1
234838,20,9.2,110.7,1
285562,60,2.4,107.1,1
83046,29,13.7,111.0,1
113639,19,13.0,81.4,0
199243,52,1.6,107.1,1
65407,100,11.9,110.5,1
213926,95,4.3,95.2,1
77983,16,5.5,106.8,0
139518,62,4.5,101.9,0
50151,79,2.4,99.5,0
56504,29,9.2,111.0,0
145616,8,3.0,87.6,0
155983,73,7.9,87.6,1
249683,96,9.5,107.1,1
212487,8,13.3,87.2,1
20168,56,13.7,85.0,0
72491,77,6.1,99.1,0
276542,52,11.7,94.7,0
165456,103,8.1,114.9,1
190292,109,12.4,96.0,1
267528,53,4.3,106.0,1
29487,14,4.9,111.5,0
42437,15,11.5,98.2,0
219485,34,11.1,96.5,1
41247,113,5.0,98.1,0
248005,24,8.1,96.2,0
260880,65,3.1,103.8,1
264438,12,12.4,109.9,1
21472,33,13.7,96.9,0
167648,17,8.6,85.1,0
42627,65,4.0,91.6,0
213422,17,1.9,93.4,0
210710,32,6.6,100.1,0
290570,73,8.0,106.0,1
284851,104,9.1,101.6,1
70297,74,4.6,101.2,0
32769,99,5.9,107.9,1
58766,20,4.2,103.2,0
192052,105,7.6,104.1,1
141248,45,4.4,107.8,0
98497,28,3.7,101.0,0
186047,8,1.5,114.7,1
218420,72,1.5,102.1,1
255808,9,7.5,92.1,0
33769,22,4.4,85.8,0
237061,101,1.9,100.5,0
24129,14,6.4,105.6,1
222671,75,8.6,96.8,1
164134,116,6.2,108.3,1
41803,114,12.8,97.5,0
226128,78,6.9,91.7,0
88656,38,7.5,96.2,0
63449,76,11.8,91.5,0
119964,84,3.3,110.1,1
118714,93,7.3,96.4,0
176418,53,1.6,82.7,0
287726,100,4.8,106.6,1
249305,48,3.2,86.8,0
146439,110,12.4,96.8,0
72057,48,12.8,92.1,0
229869,72,2.9,85.5,0
124151,11,13.7,101.7,0
240550,28,3.6,86.0,0
51919,100,9.2,107.0,1
62629,55,3.9,103.9,0
55809,118,11.7,94.5,1
299344,70,13.7,104.9,1
210024,64,9.9,114.4,1
33491,57,4.5,104.1,1
152328,19,6.6,85.3,0
202659,99,5.5,106.1,1
271875,105,10.0,104.1,1
66527,34,12.1,81.8,0
266641,13,5.0,96.6,0
77655,44,6.6,99.0,0
77439,15,4.0,85.6,0
182927,41,9.3,110.6,1
205126,99,9.0,89.9,0
166963,106,2.4,100.2,1
116572,56,1.0,104.1,0
264844,43,6.0,99.3,0
285434,73,5.8,98.5,1
193259,90,6.1,87.3,0
201995,30,7.6,113.8,1
278612,69,4.0,106.2,1
73493,104,4.5,114.7,1
298172,113,3.8,106.5,1
77500,32,5.3,108.5,1
74940,68,8.1,91.8,0
237958,40,9.0,92.3,0
13547,118,5.2,103.2,1
142957,67,4.3,105.8,1
89713,54,4.6,107.0,0
223755,43,13.4,106.7,1
79449,69,14.0,100.7,0
142645,8,8.9,87.8,0
141093,39,4.0,95.5,0
185736,101,10.2,91.0,1
52638,84,1.9,110.6,1
35003,113,6.1,97.3,0
154458,116,8.5,107.0,1
53492,60,1.3,94.1,0
62624,116,5.2,98.3,0
55954,22,8.2,89.6,0
214495,103,3.6,98.1,0
187484,9,7.6,87.1,0
266843,23,6.9,87.1,0
76000,48,12.9,106.5,1
170097,116,8.8,108.1,1
233445,105,6.0,95.6,1
266074,42,6.8,107.6,1
49948,15,8.1,114.0,1
200979,99,13.4,82.8,1
173002,119,11.6,89.1,1
293222,16,12.9,86.3,0
55650,114,3.6,90.7,0
272473,56,6.8,88.7,0
52051,87,2.8,88.5,0
187720,68,10.7,94.3,1
226953,82,5.3,85.2,0
258916,50,9.9,111.7,1
123987,73,3.3,87.3,0
115501,55,5.8,97.5,0
76527,76,7.3,90.7,0
215594,29,10.1,108.4,1
210675,9,11.7,105.5,1
219029,115,6.9,107.5,1
65420,52,3.9,95.6,0
22759,39,9.8,109.5,0
283637,104,1.1,88.6,0
283223,36,8.2,83.9,0
216074,79,8.7,84.2,0
168920,105,12.4,102.5,1
228926,51,1.7,87.7,0
113193,42,6.1,81.5,0
285177,39,1.0,85.5,0
158825,83,11.0,83.7,1
279823,26,13.8,89.0,0
139201,81,13.4,100.1,0
24143,98,10.0,80.5,0
161758,74,6.7,80.8,0
212263,25,3.0,98.9,0
240354,89,11.7,97.6,1
269288,78,7.2,85.9,1
61285,48,12.3,92.1,0
69439,16,4.8,81.7,0
230595,105,10.3,103.4,1
259181,82,3.4,95.6,0
44517,60,1.9,109.5,0
168880,76,6.1,89.2,0
136561,80,3.1,109.5,1
142315,57,11.7,114.6,1
75035,83,7.4,88.2,0
235161,97,12.5,114.0,1
186970,79,4.2,98.1,0
127937,81,1.8,81.8,0
243129,90,1.2,115.0,1
176430,64,3.8,97.6,0
34613,15,12.4,88.1,0
171160,116,7.1,81.3,0
136112,18,1.3,80.9,0
81991,108,10.5,112.9,1
231032,13,13.7,94.9,1
52837,17,2.3,86.7,0
214215,61,10.6,88.0,1
163816,73,5.4,97.7,1
154572,98,6.7,104.0,1
243543,81,3.4,95.7,0
92547,65,3.6,113.6,1
277060,29,2.9,84.0,0
36832,47,7.9,83.1,0
203830,97,7.0,101.0,1
65672,68,7.1,110.8,1
125902,20,10.5,114.6,1
233234,106,1.2,83.2,0
29840,81,13.8,106.6,1
214668,19,1.1,95.4,0
242692,116,3.2,101.9,0
97687,101,13.8,98.3,1
90301,98,10.1,88.4,1
240350,105,11.0,93.7,1
57670,15,13.2,99.3,0
126429,60,13.3,89.3,0
281333,114,7.2,105.3,1
20886,110,4.1,98.4,0
166162,46,12.6,81.9,1
78413,29,4.1,109.2,1
205867,52,4.7,99.4,0
115542,65,3.0,100.1,0
158726,6,7.3,110.8,1
185459,42,2.9,89.4,0
25616,31,4.6,102.4,0
108637,77,6.3,103.0,1
167993,25,9.8,94.2,0
189357,77,11.3,92.2,1
94922,110,6.3,106.6,1
236296,40,11.8,89.1,0
218103,38,1.6,90.1,0
85249,63,13.9,80.1,1
233490,110,12.9,84.7,1
264994,84,4.1,94.9,0
243085,116,3.7,100.8,0
229309,115,10.4,104.3,1
285877,71,13.3,104.6,1
205841,51,9.8,84.5,0
237359,23,3.8,99.3,0
175784,106,8.6,113.5,1
272131,97,6.6,105.0,1
202852,87,2.6,94.2,0
265428,48,10.9,82.4,0
84167,112,8.5,85.8,0
18497,47,4.5,100.7,0
96695,63,12.8,85.4,1
163734,22,5.0,114.6,1
250871,116,7.6,90.4,0
22144,103,9.2,91.4,0
193117,38,3.5,93.1,0
86423,22,4.5,105.4,1
81851,80,1.3,81.1,0
69284,31,1.7,112.7,0
229865,10,10.8,102.8,1
82539,6,9.8,92.7,0
103732,92,3.6,111.7,1
132414,21,3.0,90.7,0
68645,99,1.7,104.1,1
169691,19,10.3,112.0,1
151658,39,9.6,85.2,0
33976,111,12.8,93.6,1
258685,56,4.5,100.8,0
234832,112,1.4,111.1,1
82379,99,10.8,88.4,1
265051,71,7.0,83.8,0
204767,36,7.1,112.9,1
81047,98,6.4,110.1,1
259995,16,11.1,104.2,1
125911,102,12.4,113.6,1
174541,97,1.6,89.4,0
82586,17,10.1,81.1,0
104264,71,13.8,83.2,1
270892,63,11.2,101.8,1
196988,93,4.1,108.2,1
155665,54,13.0,110.5,1
235062,26,11.4,92.0,0
74611,116,1.6,94.7,0
23654,58,6.4,93.8,0
205645,85,1.9,112.2,1
166668,89,6.3,103.7,1
252727,39,7.5,84.9,0
128058,98,10.9,102.3,1
67189,27,8.5,110.8,0
291113,14,2.0,99.1,0
183200,66,13.4,90.6,1
167143,77,4.7,93.0,0
28894,36,7.8,108.6,0
139660,97,5.8,82.8,0
178664,45,2.7,85.0,0
68171,79,6.8,101.1,0
187790,74,7.1,81.5,1
263001,38,5.6,94.7,0
187056,76,3.0,104.9,1
40761,39,11.6,100.3,0
221849,103,9.0,97.6,0
117753,31,5.5,110.1,1
103766,60,1.1,108.3,1
254006,50,9.7,87.3,0
210302,106,11.3,109.7,1
297509,44,2.7,100.9,0
120450,64,4.7,94.9,0
65860,119,12.9,99.4,1
14608,110,6.6,110.8,1
255413,119,5.2,103.6,1
229495,67,4.7,114.2,1
135641,84,7.7,101.1,0
64301,112,11.6,101.6,1
253278,21,6.6,108.7,1
135814,105,3.0,96.4,0
44083,26,8.9,84.4,0
90208,47,9.8,112.2,1
127116,112,7.7,91.9,0
285501,107,4.0,89.3,0
139779,38,10.1,102.0,0
131074,71,6.8,103.2,1
106009,63,5.2,106.5,1
224171,103,12.1,108.3,1
82100,48,4.2,90.2,0
60782,105,6.3,89.9,0
177860,55,6.4,98.6,0
202290,49,7.4,81.4,0
299091,82,1.2,97.3,1
56441,29,2.6,100.5,0
270997,80,3.5,90.5,1
22144,106,12.7,99.4,1
213784,70,6.4,108.2,1
129277,51,9.0,113.7,0
278579,68,3.1,110.7,1
27620,93,5.7,88.1,0
128938,34,12.2,108.1,1
50063,109,5.6,83.2,0
256931,48,12.6,98.0,0
263980,111,2.1,98.2,0
183262,89,12.8,81.9,1
246461,84,8.5,98.9,0
264118,33,3.5,90.5,0
135338,15,1.9,84.1,0
180186,12,10.9,96.6,1
279755,104,2.2,101.3,1
162868,10,2.2,100.0,0
149944,41,11.4,91.9,0
149737,111,9.1,111.6,1
177409,109,6.5,104.8,1
293008,12,13.9,99.3,0
140370,65,5.1,111.5,1
218834,24,7.8,80.1,0
179088,89,6.0,109.9,1
197677,15,8.2,111.8,1
166901,52,10.5,113.6,1
138990,66,5.2,92.9,0
26453,16,9.6,90.7,0
244983,58,3.5,108.0,1
168912,73,4.8,96.5,1
292925,84,12.2,99.0,1
129928,92,11.6,98.0,0
107734,83,13.2,113.8,1
210017,9,7.7,112.1,1
117936,106,7.1,83.0,0
58594,50,10.1,94.2,0
46424,31,5.7,111.0,1
231178,94,11.9,85.2,1
11858,89,4.6,102.0,0
109504,59,8.9,80.5,0
227864,62,11.0,113.0,1
230314,80,11.4,98.6,1
132555,36,9.3,81.0,0
119604,84,8.0,92.6,0
283311,96,9.5,90.2,0
186876,78,2.2,109.5,1
74745,75,11.5,101.2,1
271742,86,8.3,89.7,0
66206,31,6.9,85.1,0
71336,6,9.7,86.1,0
129043,45,9.6,80.1,0
151927,80,11.2,82.1,1
50101,116,11.5,95.7,1
70977,101,4.6,98.2,0
298514,40,3.9,92.1,0
216258,97,7.2,111.7,1
97584,91,10.9,102.8,1
81359,95,7.0,102.2,1
10805,23,8.6,88.7,0
96767,32,6.4,85.2,0
150962,108,7.4,97.0,1
82713,76,4.9,82.2,0
62845,117,8.6,84.3,0
255980,115,4.7,102.1,1
26082,28,1.1,99.0,0
53066,37,11.3,93.9,0
223348,81,9.0,100.9,1
97386,86,5.9,92.3,0
11962,83,9.8,95.8,0
141272,69,11.0,109.4,1
40030,120,4.4,85.7,0
103211,103,11.1,113.4,1
131663,76,9.0,108.7,1
60096,24,10.0,99.0,0
156061,70,7.3,85.2,0
53392,24,4.7,92.4,0
55911,17,1.9,83.4,0
118903,29,5.2,93.4,0
173778,116,9.0,94.8,0
189166,31,9.8,81.4,0
282042,102,10.6,89.2,1
202117,39,7.3,112.8,1
164037,66,12.8,92.0,1
235131,16,8.6,105.3,1
111758,116,11.3,85.2,0
98962,83,1.5,107.8,1
93430,111,8.5,87.4,0
261300,103,12.4,107.7,1
286289,67,9.3,114.1,1
281154,63,10.3,104.4,1
80247,61,2.3,92.0,0
195049,16,13.5,112.1,1
266780,34,12.3,102.3,1
74797,83,10.4,80.6,0
174527,89,9.7,84.3,1
119379,42,5.6,85.2,0
196026,23,1.8,96.8,0
29657,99,10.3,81.4,0
195808,39,3.3,97.2,0
187805,23,8.8,103.8,1
217081,117,1.9,98.2,0
119709,15,6.1,95.1,0
119971,111,3.5,90.3,0
249382,117,8.9,89.2,1
19304,74,7.3,102.9,1
190860,115,5.4,106.1,1
239990,13,10.7,91.4,0
11521,10,11.0,106.7,1
264987,27,12.1,95.1,0
169197,14,7.0,94.7,0
238603,32,12.6,92.0,1
261387,53,1.1,104.3,1
255972,50,3.0,105.7,1
75620,19,13.1,113.8,1
24527,72,5.7,89.9,0
217519,55,11.9,87.5,0
124521,11,3.5,82.5,0
254480,87,12.2,107.9,1
290426,112,6.3,101.3,0
126715,88,10.5,91.4,0
31231,66,6.4,89.5,0
205681,56,11.6,97.5,0
85394,107,12.8,105.2,1
235694,94,7.0,97.4,0
218675,27,7.0,94.0,0
145494,112,13.9,85.2,0
141647,12,10.3,104.5,1
182815,12,11.9,88.7,0
246514,31,4.9,109.2,1
192909,94,2.7,93.5,0
253720,113,4.3,110.6,1
204416,19,4.3,92.7,0
38641,83,4.1,81.5,0
20954,7,6.4,83.0,0
11358,115,2.1,88.1,0
259642,38,8.9,87.2,0
297168,56,10.6,90.7,0
216537,82,10.0,100.4,1
202918,29,9.6,96.5,0
102588,43,11.9,113.6,1
256453,71,1.6,114.8,1
39667,70,8.1,98.4,0
289408,101,13.7,103.9,1
119145,12,10.6,80.2,0
227077,38,1.2,112.6,1
278372,118,6.9,91.2,1
193646,23,6.2,100.7,0
68335,54,2.6,103.4,1
133858,91,8.1,111.2,1
225672,117,2.2,107.3,1
184447,73,10.2,106.7,1
171218,116,7.4,111.9,1
159836,31,10.7,80.8,1
267846,69,8.6,86.6,0
197001,28,10.7,95.4,1
279216,59,3.2,93.8,0
291565,51,13.9,81.8,1
276255,20,5.0,93.6,0
123961,17,10.9,99.4,0
89625,108,6.2,86.0,0
281248,111,10.3,86.2,1
58401,71,4.2,97.3,0
148354,80,7.3,87.5,0
115954,80,3.7,105.7,1
98838,61,9.4,98.0,0
284190,32,7.7,90.1,0
67688,78,1.8,84.7,0
147240,75,2.4,100.3,0
83905,26,12.6,104.3,1
259924,56,4.6,88.8,0
296004,105,10.9,113.4,1
33767,117,12.6,107.0,1
120971,110,10.1,104.7,1
94442,87,2.4,109.4,1
229540,115,7.4,81.0,1
153403,7,3.9,92.2,0
125379,84,2.3,84.9,0
24177,8,7.5,89.2,0
49562,83,12.5,86.0,1
38509,25,12.2,92.2,0
275285,31,11.7,102.2,1
30033,90,4.2,106.3,1
199523,70,5.2,107.4,1
151719,10,10.8,106.5,1
253699,45,2.6,100.8,0
251340,36,12.6,113.1,1
31094,73,3.1,101.8,0
32806,99,13.6,110.5,1
269067,83,9.4,109.9,1
211568,89,1.9,104.7,1
54367,29,8.8,97.0,0
224497,7,3.2,104.6,1
274942,51,1.4,82.4,0
185202,55,1.1,84.8,0
96134,8,9.8,82.6,0
155283,119,11.7,114.7,1
68240,103,6.7,88.9,0
166575,54,12.3,113.9,1
15886,56,8.3,102.6,1
162581,19,5.1,82.7,0
106191,81,2.0,98.8,0
298645,73,4.7,102.8,1
166906,42,9.9,87.9,0
226549,31,14.0,84.2,0
200606,75,10.3,88.6,1
204480,96,3.5,107.6,1
23781,31,8.0,98.7,0
132479,61,6.6,91.4,0
266553,86,11.5,114.6,1
10999,74,2.4,90.4,0
216411,74,10.9,81.8,1
153718,59,5.8,110.0,1
105755,96,4.2,110.9,1
102626,47,13.9,85.9,0
103821,86,4.7,84.5,0
16767,102,11.1,90.8,0
114675,72,8.4,109.1,1
186501,50,5.8,87.1,0
186649,75,9.4,105.3,1
299430,29,5.2,111.9,1
179105,50,13.7,114.9,1
293198,59,1.7,105.6,1
166824,87,7.7,109.5,1
251507,15,3.3,109.3,1
115894,120,1.3,107.9,1
96950,64,6.3,95.2,0
211132,6,13.0,84.7,0
212961,77,8.8,98.9,1
186153,51,13.7,110.8,1
197869,10,3.8,81.4,0
78102,19,6.9,103.1,1
297187,70,7.4,105.8,1
202794,94,9.8,80.2,1
164917,28,7.0,93.1,0
90437,95,3.6,106.4,1
173968,36,8.6,83.1,0
224790,68,11.1,110.3,1
199582,35,11.9,114.4,1
165893,78,9.5,83.6,1
144202,79,9.6,101.1,0
42577,109,3.6,92.2,0
165295,90,7.9,97.1,1
116439,62,2.1,109.7,1
226647,44,7.5,110.4,1
272569,96,12.0,104.5,1
286024,58,4.6,82.4,0
111096,67,7.2,90.3,0
236895,44,1.3,91.0,0
267578,105,3.2,98.7,1
191113,20,8.3,101.5,0
87308,96,10.2,85.6,1
237767,66,8.2,82.1,1
126639,91,8.9,108.0,1
195416,97,2.0,91.2,0
130715,23,13.0,112.1,1
241040,39,4.1,104.6,1
272521,117,4.0,84.8,1
236354,33,5.6,95.4,0
176451,44,8.3,95.1,0
281272,52,13.7,107.4,1
226331,16,7.7,113.3,1
117572,55,2.8,92.0,0
27667,76,4.8,98.2,0
144722,34,11.5,86.6,0
21926,98,11.5,108.4,1
180625,102,8.9,101.0,1
169544,112,11.2,97.7,1
170029,60,3.8,94.2,0
122998,112,4.4,113.6,1
282300,89,4.5,96.5,1
36949,87,9.5,85.2,0
119497,51,8.2,102.4,0
60824,54,13.4,94.0,0
243934,34,10.5,110.9,1
112258,38,9.9,92.5,0
134128,47,3.4,107.7,1
46758,120,9.1,95.7,0
246974,49,13.2,108.5,1
294571,94,4.6,114.7,1
262541,13,3.6,83.6,0
128368,42,8.8,102.1,0
47156,107,11.3,113.4,1
216244,33,10.1,104.4,1
135404,66,7.5,97.5,0
219889,111,13.8,82.7,1
171062,51,12.7,111.6,1
132754,54,2.9,112.6,1
73066,22,1.3,110.6,1
81870,73,3.9,103.5,1
215999,66,12.3,96.7,1
266543,77,12.8,93.4,1
242420,89,1.4,108.2,1
200300,58,8.8,102.1,1
109022,33,9.9,107.0,1
151356,37,13.2,80.9,0
142566,114,4.9,89.5,0
156511,115,5.0,95.6,1
110366,114,4.1,113.8,1
12391,96,7.8,104.2,1
139099,109,2.4,110.2,1
214200,107,5.7,97.3,1
48723,47,1.4,86.3,0
16249,71,2.4,82.7,0
166804,98,12.9,81.9,1
33980,11,12.0,102.3,1
60981,111,1.3,91.5,0
285777,25,5.1,106.5,1
84931,59,4.1,111.0,1
234038,20,5.1,96.4,0
79766,43,9.6,84.4,0
100106,13,10.4,86.0,0
158123,62,12.4,87.2,1
122276,7,4.8,105.2,1
14068,58,11.1,93.4,0
201837,18,10.4,81.5,1
83238,96,13.5,89.6,1
196537,48,13.4,102.8,1
161648,34,12.0,106.2,1
288961,10,6.1,89.2,0
89952,54,5.6,112.6,1
259280,81,10.0,88.0,1
235070,78,12.1,98.4,1
250401,86,4.7,90.2,0
226993,64,11.7,86.5,1
242024,42,2.5,108.9,1
53835,76,12.6,86.0,1
151455,42,4.0,97.5,0
287516,66,1.2,100.2,1
140754,111,11.2,89.3,1
290985,58,8.0,107.8,1
192605,46,3.0,110.2,1
151780,87,8.6,86.9,1
12663,41,5.2,101.8,0
268255,65,11.2,95.5,1
221884,116,7.0,114.0,1
217095,24,8.4,91.5,0
20668,82,13.2,114.7,1
24796,47,6.4,102.6,0
127867,50,1.9,82.8,0
146314,34,2.8,102.0,0
168861,50,1.2,80.9,0
27711,79,2.7,111.3,1
299044,22,10.6,96.7,0
242369,20,11.5,110.2,1
150676,105,5.7,102.5,1
290876,67,13.2,105.8,1
72313,93,4.0,97.0,0
58391,117,13.9,86.4,0
274377,57,3.2,110.3,1
173975,48,1.7,98.4,0
220614,14,9.2,112.6,1
15065,64,11.2,104.6,1
294959,114,7.4,83.7,0
71892,120,3.4,97.0,0
105851,15,3.4,84.3,0
47878,81,4.9,103.4,1
44894,18,10.1,112.6,1
245526,34,13.6,108.1,1
166865,19,8.1,80.9,0
115941,28,11.1,104.7,1
284816,83,12.3,103.6,1
219915,38,13.3,95.2,1
221859,77,4.1,103.7,1
293661,38,4.3,91.3,0
208870,74,1.1,95.0,0
130788,107,2.7,96.4,0
115029,57,5.9,101.6,0
94303,67,8.1,112.4,1
29751,107,1.2,104.3,1
65460,105,1.2,113.1,1
150381,16,3.5,90.2,0
108071,84,2.2,101.7,0
226131,58,10.3,110.2,1
97242,120,13.2,106.4,1
163226,120,6.0,97.4,0
79291,77,11.8,81.7,1
285543,82,2.3,113.2,1
266038,93,8.2,86.3,0
73075,50,9.6,98.8,0
105031,87,11.2,84.3,0
128389,78,8.1,104.8,1
154405,55,2.0,85.9,0
270921,21,13.3,81.9,0
116247,105,1.5,101.3,0
90700,50,9.1,97.3,0
124840,28,13.8,113.5,1
271607,26,13.5,102.7,1
79594,104,1.5,90.6,0
265650,91,5.2,99.1,1
266787,60,6.6,82.0,0
81848,119,6.5,105.0,1
128337,35,13.9,81.0,0
111144,49,11.3,90.9,0
295258,93,7.7,92.1,0
288421,33,14.0,80.4,1
38925,28,9.2,111.2,1
144571,105,4.5,84.3,0
110564,105,3.6,113.8,1
36678,9,12.4,93.9,0
247249,18,6.4,109.7,1
106115,70,11.4,83.3,0
215297,97,7.8,114.2,1
153701,83,8.8,105.3,1
166579,81,10.0,84.6,1
282361,117,8.3,102.4,1
50217,11,14.0,92.7,0
277928,21,1.6,110.4,1
32317,50,8.4,92.7,0
17337,98,3.8,109.8,1
73640,58,5.7,100.1,0
19876,87,4.7,102.1,1
170547,85,1.7,93.9,0
270469,113,4.3,88.3,0
268593,71,2.0,103.2,1
290392,11,5.3,82.0,0
14311,62,11.1,110.1,1
188792,61,7.9,106.6,1
251019,18,10.5,101.2,0
55858,74,10.7,85.4,1
174049,51,13.4,95.6,0
71949,96,2.9,103.8,1
192484,55,8.7,103.9,1
82597,89,3.6,109.3,1
59033,25,1.4,111.4,0
95376,76,11.6,94.7,1
199783,74,8.6,84.5,0
140346,8,8.6,112.6,0
102917,97,3.1,110.3,1
187847,68,1.6,92.9,1
85203,102,3.3,106.3,1
198103,69,8.3,110.3,1
219041,10,12.0,111.3,1
90828,7,8.0,97.7,0
110959,64,3.1,82.5,0
107077,101,13.5,98.3,1
70991,58,12.2,97.2,0
41692,118,13.7,97.9,0
12651,99,14.0,113.2,1
74883,50,13.1,114.8,1
176854,83,10.9,83.4,1
129484,17,1.7,93.8,0
241585,108,6.7,106.3,1
235724,107,12.6,81.3,1
124479,8,8.4,101.9,0
54946,106,4.0,112.6,1
94500,105,7.4,102.3,1
267920,92,13.8,107.0,1
158222,11,8.6,98.9,0
225694,21,1.5,98.6,0
92452,65,3.6,110.4,1
183893,85,11.3,97.2,1
142246,114,11.7,85.9,1
287790,114,4.9,83.6,1
143615,39,12.7,94.0,0
75321,108,5.1,80.4,0
93288,120,13.2,110.2,1
133645,100,9.4,94.0,0
264027,83,6.0,99.8,1
268031,117,5.1,103.0,1
155162,18,14.0,110.7,1
88306,30,2.2,83.2,0
14770,46,2.6,83.0,0
247017,84,4.0,93.9,0
78653,54,2.7,83.5,0
73763,26,11.5,109.9,1
231844,50,2.8,86.4,0
31420,25,5.3,99.8,0
175438,29,12.0,92.9,0
215981,76,7.8,109.9,1
57118,40,9.4,114.2,0
190762,102,1.8,113.6,1
219167,15,8.5,99.8,0
294803,15,7.6,103.0,1
299910,56,7.8,106.9,1
188068,88,9.8,84.0,1
287899,113,9.8,107.1,1
129702,29,2.0,82.5,0
69337,95,4.7,84.3,0
53913,60,7.7,108.5,1
152610,30,13.1,104.1,1
211202,104,10.5,106.7,1
270592,111,10.3,89.6,1
140374,101,2.3,110.4,1
161541,20,1.0,91.1,0
129734,50,14.0,86.7,0
292352,39,7.2,94.4,0
212507,105,1.7,93.4,1
154915,88,9.5,93.2,1
282652,98,2.3,89.4,0
203372,13,12.9,88.9,0
154462,72,9.2,82.3,0
27727,56,2.8,90.8,0
161984,67,10.0,110.8,1
16186,61,4.1,89.8,0
204539,70,13.9,100.4,1
11198,75,5.2,98.4,0
70695,80,1.2,96.7,0
11667,55,11.2,106.6,1
283269,113,6.9,104.8,1
281456,30,7.7,104.2,1
137292,11,2.9,112.1,1
218836,60,11.8,94.8,0
219288,29,3.2,114.2,1
185550,6,10.5,107.2,1
54054,19,10.7,97.6,0
205369,111,9.3,106.4,1
25941,31,2.1,88.1,0
207917,73,12.8,92.1,1
190074,85,10.2,111.2,1
180276,64,6.0,108.3,1
17625,107,7.3,108.2,1
70163,76,4.1,80.6,0
33459,75,13.7,94.3,1
120046,36,6.8,107.2,0
196916,59,8.2,90.7,0
212785,92,10.7,81.1,1
51320,13,8.6,104.8,1
170027,18,9.7,81.1,0
64953,28,2.6,112.5,1
258699,24,7.9,98.5,0
280349,17,13.5,84.9,0
122277,109,12.8,82.5,1
31898,39,1.6,110.0,1
282643,50,9.1,111.0,1
233554,7,10.9,107.5,1
37504,27,13.0,113.0,1
232317,117,8.5,100.0,0
138177,29,7.0,92.6,0
128117,94,2.1,87.3,0
147500,55,7.5,111.5,0
214489,84,9.4,92.1,0
109040,82,9.8,88.9,0
42086,81,9.9,97.4,0
127190,23,13.6,88.1,0
213256,40,7.5,106.9,1
175056,51,6.1,81.6,0
122803,104,1.3,92.2,0
221798,73,13.2,98.6,1
25273,77,8.0,86.9,0
199680,64,11.1,84.6,1
110655,21,2.0,100.1,0
13544,49,10.1,113.0,1
291045,113,13.9,82.7,1
24376,15,11.3,91.8,0
106732,29,11.0,110.4,1
75337,56,7.7,114.0,1
279485,10,6.4,101.2,0
190555,100,12.5,99.8,1
290004,120,6.4,90.4,0
289134,44,10.2,114.3,1
129573,57,5.9,111.8,1
227029,44,10.9,80.9,0
284238,31,13.4,84.2,0
119281,113,3.6,111.8,1
293141,119,13.2,99.5,1
255428,77,10.0,82.3,1
253121,92,10.8,107.3,1
214260,86,4.9,87.7,1
279155,29,6.0,90.3,0
253565,104,10.0,95.8,1
105420,65,11.7,104.6,1
279321,82,6.2,94.1,0
75975,76,6.2,108.0,1
69348,14,6.2,100.4,0
88932,69,7.0,93.7,0
54392,95,6.5,108.0,1
61699,27,11.4,97.4,0
15813,58,6.0,84.3,0
260197,74,1.3,101.6,1
46959,36,1.9,108.3,1
96789,40,4.8,114.5,0
271510,60,9.5,98.9,0
130711,110,8.0,82.9,0
64175,82,7.8,114.0,1
179363,73,8.9,81.1,1
268159,90,3.4,92.3,1
299670,104,9.6,104.6,1
258753,70,4.9,90.1,1
257606,111,8.5,96.8,1
115782,63,11.8,102.7,1
263850,47,9.9,95.1,0
195811,96,13.0,109.8,1
148477,36,8.2,100.9,0
242608,89,6.8,86.5,0
39852,51,2.5,97.8,0
206381,54,7.6,81.2,0
198911,87,7.2,102.3,1
123811,55,2.5,100.5,0
245143,119,13.9,94.6,1
41522,31,11.9,95.7,0
267503,118,8.6,96.6,0
29458,89,6.7,93.1,0
56605,101,11.1,111.3,1
179542,49,4.2,113.0,1
67327,8,4.6,110.2,0
279927,93,2.6,84.9,1
261270,109,9.3,95.9,0
129325,37,3.9,94.5,0
272162,83,8.8,113.0,1
14791,77,5.9,106.3,1
206894,71,3.4,99.7,1
175337,90,8.3,112.7,1
41277,63,10.9,88.6,1
27322,55,2.6,105.8,0
183731,50,4.5,97.0,0
99367,120,13.1,101.1,1
197980,64,1.7,113.6,1
132793,51,6.0,80.2,0
109649,33,12.0,94.9,0
39132,65,3.7,81.3,0
205821,112,9.0,97.9,1
250651,62,6.0,110.3,1
195068,116,4.6,114.9,1
156271,98,4.6,90.6,0
173211,35,8.5,101.6,0
177359,45,10.1,89.5,1
37170,113,5.5,84.9,0
38682,61,13.5,107.4,1
107241,18,4.9,93.0,0
42381,10,10.0,93.1,0
276957,105,11.5,102.2,1
71273,19,3.2,101.8,0
104945,72,2.0,111.4,1
212177,31,8.3,97.0,0
23434,38,4.6,89.5,0
278154,80,2.6,97.1,1
267865,45,3.7,93.5,0
80989,77,13.2,92.4,1
25467,109,13.3,112.1,1
175620,86,1.6,91.7,0
109668,8,11.5,104.2,1
172610,88,8.7,98.3,1
18677,50,13.6,104.5,1
81858,116,4.0,92.0,0
207616,47,9.2,93.5,0
144320,74,2.5,113.1,1
218009,15,11.2,92.8,0
137174,46,11.9,95.8,0
204560,105,2.3,86.5,0
52258,57,13.0,99.4,0
51183,76,6.1,91.2,0
171640,10,4.9,113.3,1
198057,15,12.3,104.6,1
24598,119,12.2,93.9,1
193402,102,12.2,87.6,1
203524,81,9.9,114.2,1
252537,39,10.1,99.6,1
293443,14,3.7,90.9,0
126440,119,1.4,92.1,0
256618,113,10.1,98.1,1
57464,63,1.3,94.8,0
70543,35,3.1,96.8,0
54960,25,1.4,106.3,1
282623,24,9.2,84.6,0
13133,91,10.8,90.6,0
56875,49,7.7,81.8,0
129702,114,3.6,111.0,1
247682,6,10.9,83.5,1
100514,118,11.7,93.3,0
238762,73,2.6,99.0,1
239234,89,8.9,113.7,1
225506,60,2.9,82.9,0
218391,18,3.1,95.2,0
241596,37,12.3,92.1,1
15629,96,10.7,85.1,0
68121,35,6.1,91.8,0
118014,100,12.7,105.6,1
27825,113,3.8,105.7,1
202336,23,7.9,90.9,0
168935,67,7.7,97.0,1
77317,13,7.8,87.5,0
177767,103,6.1,97.7,0
82620,18,13.9,103.7,1
136356,71,12.4,81.6,1
134223,59,3.6,96.1,0
165170,40,7.9,111.6,1
118778,32,5.6,96.2,0
163310,20,12.5,85.3,1
163815,25,13.6,103.3,1
223171,104,9.6,86.6,1
182013,111,12.0,90.0,1
176204,63,2.2,102.1,1
299646,39,11.9,102.3,1
150361,59,1.4,86.4,0
123300,104,12.4,84.9,1
19436,20,3.4,100.0,0
226813,68,8.9,85.3,0
229856,71,6.4,104.7,1
41117,69,6.9,109.2,1
151543,81,9.6,113.9,1
82452,110,9.5,101.4,0
133010,93,9.8,81.7,0
87985,40,10.6,90.3,0
250222,88,2.2,91.3,1
164675,20,11.4,80.7,0
203677,65,3.2,80.0,0
76951,31,9.3,90.4,0
125106,81,13.8,91.9,0
255743,22,11.8,93.0,0
199410,116,4.6,103.2,1
246044,57,8.0,84.3,0
139298,105,8.5,82.0,0
176099,31,6.4,87.1,0
88617,97,12.2,84.1,0
65577,64,9.1,89.0,0
36748,43,13.3,103.3,1
130754,40,1.8,82.4,0
228633,50,10.4,98.3,0
15386,89,4.3,114.3,1
233012,104,1.6,94.6,1
52306,41,8.7,88.1,0
80187,45,12.8,113.0,1
122096,65,7.4,89.9,0
198959,90,5.9,93.4,0
37627,22,3.4,94.9,0
167739,39,11.0,111.6,1
221825,38,4.5,113.0,1
171321,67,7.4,107.0,1
253413,84,13.4,94.1,1
299362,70,2.9,93.3,1
134841,64,6.6,96.0,0
46208,119,2.2,88.5,0
19696,60,9.0,85.3,0
141863,40,6.4,88.6,0
219434,53,1.9,84.5,0
285071,12,6.4,106.6,1
281381,40,8.5,96.8,0
26396,35,6.0,89.5,0
164321,86,2.9,91.5,0
256923,49,7.9,81.1,0
185372,43,13.0,107.2,1
12465,74,11.1,103.7,1
130173,14,10.6,102.2,1
170383,36,12.7,88.3,0
191063,9,4.9,83.3,0
197386,74,8.2,88.6,1
186130,22,4.2,94.9,0
148326,97,8.1,111.3,1
148170,76,5.5,110.9,1
12705,56,10.8,84.8,0
156474,55,9.0,86.4,0
160017,20,9.4,93.3,0
184793,78,9.8,111.5,1
56267,114,13.3,106.5,1
233543,74,7.2,101.4,1
78786,88,1.5,95.1,0
13439,9,1.1,84.0,0
17499,36,13.9,81.6,0
255981,119,7.8,112.7,1
168757,19,11.2,95.6,1
47028,58,4.3,99.1,0
229566,105,1.8,86.2,1
281899,75,4.9,114.8,1
228666,33,12.9,88.2,0
51342,24,4.0,90.2,0
160861,14,12.2,101.9,0
157146,120,3.3,104.2,1
71148,93,13.4,112.9,1
166244,76,11.1,112.3,1
51838,24,5.9,88.0,0
291021,28,12.1,83.6,0
46745,13,10.8,90.9,0
92888,16,5.7,100.8,0
245103,72,7.8,98.0,1
192412,21,1.7,102.9,1
83839,25,12.9,84.6,0
193372,23,9.4,97.7,0
188678,50,1.7,86.7,0
171699,118,3.0,96.6,1
230941,61,12.7,105.3,1
242721,97,6.1,95.7,0
146907,56,6.7,91.1,0
150417,87,12.9,103.2,1
111074,60,2.7,106.9,0
142224,30,5.4,114.8,1
145065,12,9.1,111.0,1
11540,93,3.3,80.7,0
11890,33,7.3,94.7,0
77531,82,2.6,111.0,1
78900,66,1.1,107.7,1
242824,54,1.7,83.4,0
146498,46,13.9,113.3,1
55635,60,2.9,102.2,1
119190,79,8.2,103.0,1
278293,30,2.7,102.1,1
221268,107,8.0,109.5,1
181889,66,9.4,100.1,1
16735,27,13.6,105.3,1
272144,83,1.3,80.5,0
218789,114,1.8,105.8,1
241022,40,12.9,102.9,1
67904,109,6.9,81.0,0
235880,46,13.1,113.9,1
48441,74,9.9,101.6,0
186363,106,5.3,85.0,0
19776,16,5.1,112.3,0
80844,95,9.1,102.0,1
205753,31,9.0,89.9,0
188642,50,8.9,113.2,1
291189,59,5.8,90.9,0
262926,67,10.6,88.2,1
255909,71,12.8,82.4,1
30112,48,6.2,109.0,1
242130,62,8.9,84.3,0
13349,44,6.0,108.3,0
75497,30,1.3,109.4,1
221072,21,3.7,81.4,0
298527,55,9.6,93.2,0
237717,59,7.4,86.4,0
283320,65,10.6,107.8,1
99581,118,12.0,99.5,1
283936,77,11.9,107.5,1
220198,87,13.3,100.3,1
125069,29,11.6,104.7,1
13537,86,8.8,84.5,0
20841,75,8.6,104.0,1
260100,48,7.1,107.7,1
213746,102,3.9,83.7,1
31742,63,3.9,86.2,0
20197,82,9.3,114.3,1
271301,71,9.6,99.7,0
271907,118,11.7,87.4,1
241239,28,6.6,102.9,1
104062,86,11.4,97.7,1
140761,85,8.4,81.6,0
178884,112,2.7,96.3,0
225103,113,3.2,91.7,1
147787,55,1.1,100.6,0
200935,22,7.6,102.1,1
71558,76,2.1,90.0,0
170732,11,7.4,114.2,1
105477,79,5.7,90.7,0
103738,76,2.1,95.5,0
118769,113,11.7,99.1,1
66391,113,12.2,103.9,1
42265,36,7.4,84.0,0
14461,19,1.7,83.2,0
23616,12,9.2,105.0,1
168330,6,6.4,97.0,0
283617,53,9.8,83.5,0
24870,80,11.6,106.1,1
267525,61,13.3,102.1,1
160944,45,12.4,96.0,0
133079,103,10.8,89.9,1
98150,76,1.3,90.0,0
95991,67,13.3,107.0,1
79936,120,11.3,90.6,1
227054,58,11.0,104.1,1
202353,120,12.1,93.1,1
72476,68,5.2,105.2,1
297100,93,1.4,91.4,0
160627,87,8.3,97.9,0
143143,73,10.7,87.2,1
118258,62,10.6,87.2,0
144392,45,5.4,99.6,0
188404,95,3.8,98.7,0
166603,67,6.1,92.7,0
114008,72,9.4,89.1,0
180557,27,8.9,102.4,1
182043,65,2.3,107.0,1
54301,87,6.2,102.1,1
73333,45,9.2,107.5,1
220669,69,12.4,91.9,1
259849,61,4.9,85.4,1
267960,21,5.7,81.4,0
252609,75,7.5,109.3,1
146641,26,13.7,87.2,0
111464,79,11.2,81.5,1
214592,12,4.9,114.2,1
250234,59,9.4,103.8,1
69010,39,9.2,94.2,0
274627,95,6.1,92.3,1
229946,116,10.9,85.4,1
54120,63,13.0,88.1,0
184314,68,7.6,100.1,1
107386,56,2.0,114.8,0
184157,72,11.7,92.1,1
83226,82,14.0,114.9,1
32345,93,13.3,111.2,1
232725,105,13.2,95.8,1
164941,32,3.5,87.6,0
34159,78,7.7,112.1,1
92406,13,2.7,108.7,1
289123,27,11.9,102.5,1
194029,67,13.1,107.1,1
296183,46,4.4,107.3,1
69303,74,4.5,105.6,1
286373,36,8.3,109.6,1
59443,42,2.0,98.7,0
97366,42,7.7,89.3,0
20963,37,13.1,95.3,0
245564,16,3.0,113.3,1
30753,44,12.4,112.9,1
71933,19,12.0,104.9,1
291919,27,1.9,84.6,0
146409,11,13.9,102.6,1
33729,49,9.8,98.9,0
282577,44,1.7,90.7,0
72817,13,8.0,103.7,1
112372,117,12.6,104.4,1
232666,47,10.8,95.5,1
146050,61,3.7,87.7,0
251905,93,5.3,108.4,1
188632,73,8.6,80.3,1
109313,37,8.6,99.3,0
227915,68,10.4,113.8,1
10235,85,6.0,112.1,1
103322,112,5.6,89.9,0
163065,94,13.8,111.6,1
125465,77,9.0,105.1,1
267173,40,7.5,105.9,1
257099,75,5.4,110.0,1
191805,32,8.3,110.3,1
26871,21,10.9,112.8,1
180562,49,12.9,90.8,0
29458,53,5.9,84.0,0
72510,61,6.5,101.6,0
242599,27,6.9,97.8,0
117618,31,2.9,88.0,0
13973,90,12.7,98.5,1
109902,39,4.4,85.3,0
286988,80,2.7,114.0,1
65176,30,7.4,89.1,0
73913,80,9.8,90.3,0
292186,109,8.5,114.2,1
38390,25,2.9,90.6,0
199049,112,11.8,103.9,1
55961,96,12.0,105.8,1
12803,78,12.7,111.1,1
142480,26,4.2,107.6,1
232110,45,2.7,108.1,1
240794,102,12.9,106.0,1
257090,41,3.0,87.1,0
156958,55,13.0,90.0,1
68898,88,10.2,114.5,1
205374,116,6.9,101.1,1
18277,8,11.5,82.9,0
187245,51,3.3,84.2,0
44455,13,3.1,98.1,0
174222,27,7.9,99.7,0
273417,78,10.4,109.3,1
276612,86,13.2,103.1,1
85546,87,12.4,104.5,1
124835,51,3.3,88.8,0
224066,85,5.1,110.8,1
283495,99,3.4,81.0,0
111311,90,2.7,84.7,0
186647,112,2.3,101.3,0
104734,94,8.3,82.2,0
114789,73,10.7,105.2,1
286347,97,9.6,91.4,1
211616,47,11.7,88.2,0
247981,31,13.3,84.6,1
37200,108,2.1,98.6,0
75388,60,6.9,86.2,0
205283,10,1.6,107.1,1
106933,62,11.5,85.8,0
265715,8,13.9,109.2,1
48193,114,8.2,95.2,0
50083,87,12.0,101.5,1
172576,55,13.1,100.7,0
112820,56,9.3,111.9,0
58180,113,3.9,93.7,0
271462,100,1.3,111.1,1
270705,13,7.8,106.3,1
88875,28,10.5,99.5,0
28637,66,8.7,90.4,0
104801,85,13.5,100.5,1
123141,13,12.6,92.4,0
168832,104,1.1,82.4,1
86585,84,14.0,107.4,1
111594,99,11.4,80.3,0
286211,61,2.6,100.8,0
254138,114,3.5,95.8,0
299490,11,3.2,113.5,1
72924,119,10.9,107.3,1
264303,50,6.7,97.8,0
268984,37,6.2,90.4,0
23937,60,11.0,108.3,1
269520,96,11.7,98.3,1
161430,49,8.1,98.1,0
239518,82,4.2,102.2,1
145431,76,8.6,92.4,0
30244,93,13.5,105.7,1
131328,19,6.7,113.0,1
131639,115,13.0,84.8,0
140696,38,1.4,93.8,0
219627,99,6.8,94.0,1
255776,19,11.0,89.1,0
88639,35,2.6,83.2,0
46499,38,9.3,109.0,0
96086,18,5.0,88.8,0
229743,36,1.8,92.1,0
175377,44,5.2,96.6,0
19144,109,4.6,81.4,0
181418,20,3.1,104.1,1
76813,87,7.2,85.4,0
255416,93,12.1,89.3,1
138286,104,11.7,89.6,1
182474,67,8.0,108.2,1
13484,9,4.9,101.9,0
262350,16,11.1,88.1,1
288838,92,9.1,94.5,0
146916,55,6.5,102.0,0
64132,34,13.1,90.8,0
149334,63,8.8,107.9,1
132482,26,1.9,91.4,0
181199,21,12.8,110.4,1
100081,35,3.4,90.4,0
274545,85,12.3,80.4,1
168622,65,2.0,103.4,1
29227,81,1.8,112.3,1
46947,74,11.2,81.9,1
214842,8,5.2,80.3,0
41485,88,3.5,113.8,1
61409,12,12.6,86.7,0
263734,24,5.1,83.4,0
91399,46,11.8,110.9,1
155289,45,5.3,97.3,0
228907,13,1.3,111.4,1
154082,85,13.4,104.3,1
27308,97,7.4,87.3,0
71489,87,9.4,95.7,0
205310,85,6.1,88.7,0
261485,95,3.7,103.6,1
82949,97,8.5,90.0,0
44406,98,7.1,90.6,0
130250,54,3.0,106.7,1
189658,45,2.3,97.7,0
262020,119,9.9,82.0,0
65037,89,13.7,98.0,0
285308,106,5.3,106.9,1
196454,53,2.2,97.1,0
128426,67,1.4,110.6,1
214415,67,11.8,89.4,1
56241,96,7.3,87.5,0
270510,107,11.2,90.6,1
178264,35,4.4,85.7,0
216372,15,2.5,90.0,0
172040,110,13.1,83.6,1
62974,14,8.1,80.7,0
58426,38,4.5,112.0,1
240697,65,12.5,84.7,1
201584,111,6.9,114.8,1
93223,61,6.3,114.3,1
195058,98,13.3,94.8,1
153806,50,3.7,113.8,1
73539,79,4.9,80.6,0
182898,6,10.5,88.6,1
15781,82,11.2,81.2,1
58309,67,9.9,93.3,0
149103,75,2.1,89.8,0
169553,100,9.3,114.4,1
121062,29,1.7,99.0,0
141641,52,2.2,100.9,0
63020,72,9.2,103.0,1
38426,31,8.6,107.4,0
280609,119,7.9,107.9,1
154067,117,13.2,101.0,1
44436,20,11.8,80.8,0
134771,94,5.7,100.7,0
209956,20,12.9,80.2,0
76462,29,8.5,86.5,0
162481,39,11.2,110.2,1
285399,84,5.0,110.8,1
36263,20,11.1,98.5,0
288075,42,13.5,100.0,0
274391,54,4.3,98.8,0
40035,84,7.4,83.3,0
31468,23,9.1,109.4,1
201619,120,8.7,85.3,0
269574,119,8.1,86.0,1
32035,36,6.7,84.7,0
100998,84,11.8,100.5,1
115901,94,1.2,98.6,0
75213,36,11.3,96.3,0
270528,18,9.5,92.4,0
62196,65,12.0,84.8,0
272220,84,11.6,101.0,1
48619,75,11.6,103.7,1
232488,90,12.8,97.3,1
169334,49,7.2,88.4,0
64279,79,4.5,80.2,0
187102,13,11.6,80.4,0
31721,22,1.8,87.1,0
253495,37,10.0,91.6,0
107016,42,8.7,84.1,0
150686,32,6.5,91.0,0
265535,58,13.1,95.7,1
109266,63,1.2,96.4,0
39024,68,12.6,91.7,0
64796,32,6.0,87.8,0
108326,32,1.9,108.8,1
104336,10,4.8,103.9,0
92521,49,6.9,94.9,0
123981,85,2.9,114.5,1
22098,112,7.8,96.1,0
177497,103,13.3,104.0,1
120683,70,13.8,80.9,0
19541,33,1.6,90.6,0
112121,77,3.4,112.1,1
277538,14,8.5,97.9,0
273923,68,12.9,108.0,1
255761,45,5.2,82.6,0
158552,104,8.2,109.0,1
109550,90,7.3,103.9,1
119900,36,8.3,82.8,0
207560,41,1.3,100.3,0
236837,117,13.9,114.2,1
147230,14,10.7,113.6,1
233060,58,10.9,113.9,1
270475,7,3.9,85.2,0
53095,106,10.7,85.6,0
145457,93,9.2,110.7,1
146528,95,12.5,92.5,0
247009,114,3.5,81.4,0
264047,83,2.3,113.5,1
233106,73,12.8,100.4,1
246320,16,5.2,84.7,0
33655,29,11.4,101.1,0
127556,27,12.5,93.6,0
61875,14,2.9,85.8,0
19780,118,9.5,85.0,0
135413,70,3.3,93.4,0
140308,61,4.5,94.6,0
216472,42,1.8,92.0,0
69721,87,10.2,84.5,0
191271,28,11.5,94.0,0
96363,63,3.0,96.1,0
68111,97,8.1,105.8,1
128314,14,5.7,95.4,0
266090,75,8.0,81.2,0
273325,82,8.1,95.6,0
48325,43,8.0,101.2,0
118759,39,6.2,84.5,0
97266,108,2.3,86.3,0
222302,92,13.9,112.6,1
142966,85,4.0,90.0,0
65773,85,1.7,108.7,1
13690,23,1.3,114.2,1
180798,66,1.3,84.4,0
285106,38,1.3,94.0,0
185308,19,9.3,93.5,0
88330,8,8.2,91.8,0
64660,100,3.1,95.5,0
215072,22,5.4,104.3,1
237826,6,12.6,109.5,1
47343,109,11.0,85.7,0
280372,52,12.0,110.6,1
270377,36,11.8,86.0,0
33546,67,11.3,98.4,0
42754,89,3.3,93.2,0
264387,95,11.8,97.8,1
78754,119,9.9,107.4,1
133530,16,13.5,111.2,1
59785,103,6.6,85.6,0
23910,94,8.4,109.9,1
106973,98,3.1,93.3,0
46150,25,12.7,84.7,0
43820,45,10.7,103.2,1
271876,73,11.6,104.4,1
263491,99,3.4,87.2,1
72915,88,1.2,90.7,0
19627,51,7.8,82.7,0
245973,29,1.2,101.2,0
163075,18,6.2,92.7,0
278496,23,5.7,114.0,1
39424,81,12.9,85.2,0
43252,101,5.8,91.9,0
127958,62,9.4,83.5,0
138296,42,10.3,107.8,1
77505,53,3.5,109.9,1
28295,64,2.8,113.4,1
130505,8,6.9,82.2,0
100735,31,13.1,101.6,0
27178,85,11.0,96.7,1
26970,103,14.0,93.9,0
185584,37,12.4,96.6,1
86705,93,8.4,103.3,1
85309,74,9.3,85.8,0
81244,27,1.6,115.0,0
214442,15,13.5,80.7,0
62699,86,7.9,94.1,0
257961,85,13.9,111.0,1
298113,48,1.1,80.1,0
269586,12,3.2,106.8,1
243805,69,9.3,91.2,0
114192,82,8.8,88.9,0
240962,89,10.1,112.4,1
160860,81,12.3,86.4,1
206965,18,7.6,107.3,1
67979,56,9.8,103.3,0
43809,42,8.8,105.5,0
11495,53,5.3,110.3,0
165405,86,11.7,95.8,1
226477,16,9.1,103.6,1
35381,107,12.4,95.6,0
291629,61,11.2,113.6,1
46891,88,11.2,111.5,1
35885,11,11.4,82.9,0
11708,100,8.9,96.3,0
233124,13,1.3,112.3,1
185601,7,2.2,103.0,1
214391,82,4.0,108.7,1
253527,76,5.2,84.2,0
217083,98,7.6,105.3,1
219175,53,8.8,105.5,1
84142,79,12.0,110.4,1
266638,60,9.6,82.6,0
245381,120,1.9,88.5,0
12454,12,4.4,88.3,0
234444,108,12.3,90.1,1
289285,114,8.0,88.9,0
254816,49,6.7,111.5,1
298568,67,5.7,106.3,1
102433,79,4.0,84.5,0
150486,103,8.4,96.8,1
150120,14,8.9,90.8,0
250903,75,13.0,95.1,1
271251,65,9.3,91.4,1
100263,10,13.0,90.8,0
298077,52,8.3,103.7,1
147341,18,11.0,97.7,0
200521,17,7.8,91.0,0
171352,40,11.5,99.7,1
49324,38,13.0,80.8,0
238673,47,10.7,83.4,1
149224,63,2.6,94.7,0
149550,28,5.3,83.3,0
126596,43,13.3,108.1,1
64883,102,11.0,103.9,1
73117,76,7.4,110.0,1
10743,55,5.4,93.6,0
26952,69,3.4,83.8,0
169367,61,12.1,93.5,1
294704,85,11.8,81.5,1
264927,119,11.7,110.9,1
183708,13,5.3,103.1,1
44740,104,7.9,105.2,1
159128,25,3.8,84.8,0
271858,42,12.9,101.2,0
277003,107,2.6,110.7,1
264770,30,3.6,99.1,0
200853,97,10.2,84.0,1
92326,118,12.6,100.5,0
108487,99,3.0,104.8,1
57680,29,7.8,90.9,0
298478,50,9.0,114.5,1
277548,56,3.1,98.6,0
113064,58,13.2,93.2,0
144247,57,11.7,97.3,0
171599,76,6.2,100.3,0
249322,23,8.2,109.0,1
90661,55,9.1,105.7,1
206633,14,7.6,98.4,0
275906,107,11.6,100.8,1
85129,39,12.1,93.0,0
19203,84,12.7,84.7,1
169235,114,4.0,114.4,1
40042,32,8.5,97.4,0
93115,15,11.2,105.7,1
282817,83,7.9,82.2,0
51972,30,3.7,114.8,0
156549,118,8.2,80.3,1
118178,89,5.2,80.4,0
112548,75,12.4,87.5,0
14356,47,8.6,103.7,1
167137,33,2.5,106.7,1
185285,78,7.3,86.6,0
270651,79,8.1,111.2,1
177818,86,2.9,96.3,1
188098,7,1.6,90.9,0
171158,20,12.3,94.0,1
28014,38,13.9,96.2,0
13086,119,4.9,106.6,1
179089,110,12.7,109.4,1
268969,43,10.5,101.9,1
186073,87,7.6,85.0,1
147672,11,12.6,111.5,1
214486,33,5.0,86.4,0
18370,35,4.0,111.0,1
292198,15,12.4,99.1,1
49987,73,4.0,98.7,0
168911,89,7.5,102.8,1
284061,23,6.0,107.0,1
157622,13,6.2,113.2,1
163555,68,2.0,109.7,1
29963,22,4.1,108.6,0
207550,63,5.2,104.8,1
270867,25,12.7,110.1,1
236912,63,7.1,82.4,0
24345,102,5.8,109.9,1
221199,38,4.7,89.2,0
242390,87,12.1,80.5,1
82190,6,7.3,89.7,0
57172,35,1.4,112.5,1
20065,73,9.1,81.9,0
23532,104,9.1,108.2,1
52253,56,10.6,92.2,0
133635,26,10.1,93.7,0
253156,62,3.2,85.6,1
30727,68,12.5,100.3,0
118943,32,4.4,86.1,0
71286,14,10.9,91.9,0
186551,76,9.9,100.3,1
230624,68,12.2,83.4,1
83228,58,3.3,90.6,0
39445,118,1.8,104.5,1
30102,15,4.9,111.6,0
199801,28,6.2,87.8,0
210521,48,5.2,108.0,1
16295,20,7.7,88.1,0
204149,14,11.5,107.0,1
144824,21,5.4,84.3,0
55406,21,7.0,110.7,0
188174,84,10.3,110.5,1
259691,58,4.8,96.3,0
135771,47,13.1,93.5,0
274723,113,9.6,106.3,1
179430,111,10.3,88.9,1
202118,88,1.0,103.3,1
93410,92,6.7,90.0,0
199468,90,10.3,92.2,1
13433,50,8.5,92.5,0
148561,104,13.7,110.5,1
154238,120,4.1,89.7,0
137349,25,11.0,90.0,0
150481,29,2.3,96.8,0
107785,108,2.2,83.8,0
15097,16,8.8,91.6,0
71744,92,12.3,95.3,0
231419,49,3.8,96.6,0
16561,9,8.9,90.2,0
117382,96,8.2,103.6,1
154078,45,3.2,83.0,0
212934,53,9.6,81.1,0
50789,102,1.9,101.4,0
168716,118,9.4,95.6,0
215670,38,1.9,98.0,0
101755,102,4.4,87.6,0
210306,94,3.2,88.7,0
46848,74,5.3,114.9,1
75141,25,9.8,99.1,0
290789,27,10.4,110.1,1
240334,52,4.3,87.7,0
272858,100,3.6,84.0,1
176711,108,8.0,90.8,1
238180,62,3.6,89.4,0
274488,96,10.3,100.4,1
68711,97,8.0,99.7,0
298041,83,2.0,110.9,1
74777,113,11.8,85.6,1
109054,101,10.6,97.5,1
134412,73,1.1,101.9,0
189271,103,7.7,92.8,0
139517,81,12.4,100.5,1
177289,54,3.9,112.8,1
171272,23,12.2,80.9,0
21282,63,12.6,84.2,0
291313,9,11.9,84.7,1
231020,48,9.5,113.6,1
137262,73,13.8,84.8,1
176874,38,3.7,93.5,0
188636,105,2.9,83.2,0
271376,52,3.5,85.8,0
228598,29,3.6,92.4,0
223322,78,5.5,106.2,1
145419,31,3.1,93.2,0
217014,65,4.3,86.3,1
47581,92,7.1,90.9,0
27088,119,2.9,85.9,0
283132,47,12.8,111.9,1
24523,28,7.3,108.2,1
37865,43,9.7,83.0,0
146190,21,4.0,93.2,0
139976,101,9.9,84.9,0
22659,64,7.4,96.2,0
180083,70,1.1,84.0,1
283308,117,1.3,85.3,0
126666,50,6.2,88.7,0
156158,82,13.7,106.0,1
272129,53,4.1,88.4,0
284390,10,8.2,89.6,0
108571,108,13.2,92.4,1
190893,57,11.3,108.5,1
29566,15,9.2,89.1,0
155353,66,7.7,91.0,0
79668,15,10.5,88.4,0
20325,15,10.7,86.5,0
257522,68,12.7,96.3,1
191815,26,10.3,96.1,1
147086,21,7.3,95.4,0
216213,47,10.4,108.7,1
98437,16,4.6,90.9,0
273154,44,1.1,80.7,0
176243,50,2.0,83.6,0
20721,55,12.9,103.5,1
74514,90,13.1,108.7,1
111378,107,9.1,102.2,1
158459,21,6.1,81.0,0
147844,84,2.9,114.3,1
179521,32,11.5,110.2,1
227100,96,9.5,95.3,0
164291,43,13.7,89.8,1
195049,100,5.8,87.3,0
265446,97,1.9,83.1,1
39659,43,9.8,86.9,0
187362,109,12.6,97.8,1
275384,47,9.9,110.6,1
36592,14,13.1,94.2,0
160980,40,13.3,94.4,1
214611,47,9.5,111.3,1
230625,18,10.0,114.5,1
159841,17,13.9,87.3,1
100887,8,8.4,91.4,0
269055,38,4.1,113.5,1
210723,94,3.2,104.9,1
204766,76,5.1,103.6,1
227768,97,5.7,106.4,1
79645,68,1.2,92.8,0
189579,55,6.6,97.2,0
148786,37,7.6,112.0,1
285302,90,6.6,111.1,1
33376,37,6.8,105.0,1
98595,105,9.9,83.4,0
297337,34,2.1,111.5,1
188373,73,8.2,113.4,1
234413,11,7.1,113.4,1
282230,24,7.6,106.8,1
233862,78,14.0,114.5,1
251402,26,5.6,101.3,0
223893,23,5.7,90.6,0
163672,41,8.1,96.9,0
237155,85,6.4,98.9,0
277052,14,4.9,80.8,0
182232,98,6.4,81.2,1
186431,37,6.4,107.6,1
147318,9,2.7,98.3,0
152659,7,12.2,81.4,0
94481,59,13.7,100.0,0
106067,120,9.7,112.8,1
260541,73,6.0,113.6,1
254345,40,4.4,108.3,1
107033,98,9.1,92.7,0
57288,84,3.4,106.5,1
235309,102,8.9,84.6,1
297824,32,13.9,99.6,1
279734,6,11.8,108.6,1
36105,70,11.4,84.3,0
45166,26,1.3,90.4,0
172335,36,2.5,88.3,0
290771,7,11.5,91.9,1
236523,29,10.0,83.7,0
174104,19,10.4,83.1,1
136851,75,2.6,95.6,0
18499,104,10.1,109.7,1
40149,59,3.2,106.5,1
41484,94,6.9,97.3,0
152348,107,2.0,95.6,1
88608,50,8.4,102.2,1
134580,115,11.1,107.7,1
278603,14,3.9,88.7,0
249173,84,4.1,100.3,0
198962,77,1.3,83.0,0
159243,14,6.0,96.1,0
125822,116,2.8,84.0,0
269686,31,12.8,98.4,1
99322,42,12.6,98.9,0
89336,101,7.7,106.2,1
44965,59,1.7,84.9,0
51314,40,9.3,98.4,0
30660,21,1.5,87.5,0
141066,105,9.4,107.5,1
76561,18,13.2,100.7,0
247324,22,9.9,85.7,0
87385,93,5.4,108.6,1
297672,83,5.6,112.2,1
55803,61,2.9,90.7,0
86797,24,3.0,90.8,0
122541,113,3.5,94.5,0
192559,71,12.7,108.6,1
228404,56,11.0,92.7,1
146338,31,5.7,82.5,0
238627,49,1.8,106.3,1
141444,87,8.4,94.9,0
232821,59,6.8,102.6,1
237348,51,6.1,86.8,0
117863,45,3.7,99.6,0
60441,62,2.5,91.2,0
164950,89,7.8,84.7,0
199288,54,9.1,87.8,0
134560,75,2.3,111.3,1
222381,76,6.7,112.0,1
49522,47,12.7,111.6,1
239815,30,1.3,108.5,1
250243,86,13.2,87.1,1
215986,88,5.2,105.5,1
215405,52,13.7,105.9,1
124294,10,10.3,94.3,0
35991,77,12.3,97.8,1
187290,15,6.0,108.6,1
130863,32,9.9,108.7,1
240366,47,12.3,88.5,1
46012,88,8.1,101.2,0
142805,110,13.2,104.3,1
109379,27,6.7,111.9,1
138423,40,11.4,87.9,0
139199,99,9.3,109.4,1
275648,83,9.2,90.9,0
23027,59,1.2,103.9,1
181359,18,10.3,107.3,1
279740,31,4.1,94.8,0
199569,102,9.1,91.2,0
187428,37,8.2,100.0,0
47192,54,12.8,89.3,0
45440,10,2.9,95.2,0
56235,61,2.3,85.9,0
53653,12,5.6,110.4,1
98839,90,10.7,89.9,1
17088,103,6.0,111.2,1
244681,87,2.3,91.8,0
111548,112,13.1,91.9,1
260027,81,3.1,105.1,1
127014,86,10.5,84.4,0
96185,35,7.1,105.3,1
106182,118,3.8,90.2,0
185342,41,9.7,108.1,1
172457,112,5.9,111.5,1
299640,13,7.4,93.4,0
295476,89,3.8,81.9,0
45549,32,7.4,111.6,1
204165,105,3.4,110.4,1
199296,6,13.5,114.9,1
209569,71,4.6,89.7,1
144260,6,13.1,106.9,1
244669,93,1.1,102.4,1
151902,65,13.2,80.2,1
177727,60,2.0,112.1,1
35472,24,13.4,98.4,0
48705,70,1.4,108.2,1
221413,47,1.8,89.3,0
48141,89,3.6,93.8,0
105653,95,6.2,108.5,1
86745,59,2.0,98.7,0
228175,45,6.5,104.7,1
18035,41,5.1,92.3,0
117884,118,8.5,112.3,1
171889,54,4.0,95.1,0
127387,64,11.7,86.8,0
133660,74,2.0,101.2,0
45490,65,1.1,81.4,0
111807,113,4.3,103.3,1
218243,41,2.0,87.2,0
131660,73,4.1,109.6,1
103371,107,12.0,110.5,1
260485,106,6.7,105.3,1
177792,85,11.8,106.6,1
162738,51,11.5,105.2,1
137295,82,1.7,83.4,0
78211,31,13.5,80.9,0
269774,35,9.9,107.6,1
180533,80,11.7,107.5,1
257945,102,1.7,100.4,0
170762,79,8.8,89.1,1
44085,34,1.8,90.6,0
265519,57,5.2,100.3,0
188435,86,1.2,86.1,0
85683,64,11.6,101.3,1
92810,47,9.1,101.5,0
113557,77,5.0,83.3,0
157066,109,3.7,101.4,0
107627,43,10.7,80.5,0
94303,98,3.1,96.6,0
220262,39,12.7,112.3,1
92624,53,4.5,82.7,0
265199,112,4.3,92.1,1
113850,72,12.3,112.5,1
275782,48,5.3,86.6,0
24414,36,12.7,91.0,0
201934,6,5.2,80.0,0
172088,74,11.1,87.1,1
62553,95,8.5,106.6,1
101800,65,10.5,109.9,1
49111,19,5.3,85.4,0
293417,53,13.7,82.5,0
135529,54,5.7,113.0,0
177099,52,9.6,104.2,1
159205,104,4.2,102.2,1
114728,29,9.1,86.9,0
243041,30,3.1,80.7,0
71258,91,5.5,95.6,0
57766,12,4.1,83.8,0
116130,101,9.2,81.8,0
228832,96,7.4,86.4,1
80932,101,12.1,102.9,1
34022,62,13.4,81.2,0
277106,101,5.9,113.3,1
260298,77,12.9,90.7,1
138817,83,10.4,103.9,1
134661,15,5.3,106.1,1
119723,98,10.9,83.3,1
113485,73,5.8,101.0,0
119805,41,7.3,83.5,0
208703,88,13.2,87.9,1
96243,64,4.8,97.7,0
170027,72,6.6,100.2,1
140407,105,5.6,84.1,0
276267,17,3.3,98.7,0
276466,58,7.3,92.0,0
225309,115,10.4,110.4,1
43324,50,8.1,80.0,0
132980,62,4.4,85.5,0
276561,71,3.7,113.6,1
132760,21,13.9,113.9,1
254250,98,11.4,113.1,1
217582,47,11.9,84.7,0
191621,6,5.8,111.5,1
128999,110,8.4,110.2,1
137915,120,8.0,97.2,0
128697,76,7.2,113.2,1
255421,89,3.7,82.2,0
188757,61,9.2,91.9,0
164516,98,4.7,88.6,0
167887,10,13.2,102.0,1
258988,18,12.9,93.5,0
213587,53,7.0,82.0,0
288870,6,12.7,88.9,1
297959,67,11.1,89.1,1
96926,61,10.3,90.5,0
41403,106,2.1,89.8,0
32746,92,13.4,81.4,1
97662,38,9.7,94.6,0
283392,49,10.8,94.8,1
69921,37,9.4,89.3,0
153379,65,5.0,100.9,1
259761,83,7.1,88.3,0
110584,119,8.0,104.8,1
144727,75,3.2,104.8,1
76084,21,6.0,82.4,0
104230,39,13.0,93.5,0
247461,54,6.5,104.2,1
258816,33,8.6,112.2,1
238280,91,6.5,103.5,1
156435,108,12.0,107.8,1
172958,68,6.2,89.1,1
128009,16,10.4,86.9,0
153546,107,6.6,86.7,0
150848,95,3.0,86.2,0
107586,78,10.8,82.1,0
115210,93,9.4,82.6,0
282923,65,5.7,91.9,1
15067,10,8.0,108.9,0
258395,46,4.7,100.3,0
162757,87,5.9,107.9,1
120731,93,11.1,90.8,0
233092,65,13.0,97.4,1
116028,80,2.1,92.2,0
268851,109,12.9,88.7,1
187075,10,4.7,109.4,1
191839,21,10.7,89.9,0
283216,46,1.7,102.9,1
116771,115,2.3,97.4,0
188301,79,10.7,96.4,1
162735,39,1.1,114.7,1
232130,107,10.3,109.5,1
111458,82,5.9,87.4,0
180124,69,6.7,109.6,1
26517,104,11.0,92.0,0
101377,25,11.4,87.0,0
11208,53,9.2,81.9,0
74056,21,11.3,105.4,1
56215,69,5.6,98.6,0
281441,50,11.5,110.5,1
52089,92,12.2,95.3,1
253385,94,1.0,98.9,1
198906,21,10.4,91.2,1
223472,46,7.5,82.9,0
104737,100,6.2,86.1,0
292482,81,12.1,95.2,1
206092,119,14.0,114.1,1
66192,28,9.8,89.1,0
231784,86,8.6,106.0,1
156487,34,11.9,87.2,1
217317,24,7.0,112.3,1
189003,42,13.0,88.3,0
85821,86,3.2,104.5,1
223596,30,12.2,109.4,1
63768,35,1.7,111.0,1
147777,102,12.5,88.2,1
90747,19,7.6,91.6,0
77557,40,11.4,101.7,0
223182,59,5.1,101.1,0
71515,51,9.9,92.8,0
130612,37,10.0,104.0,1
88579,76,13.9,106.5,1
218549,58,8.2,108.0,1
173779,67,7.1,104.4,1
84300,97,1.1,101.4,0
157904,84,3.0,91.5,0
167474,103,7.5,101.5,1
176733,66,2.1,95.3,1
190852,37,7.2,82.7,0
158136,74,2.4,87.4,0
55687,41,5.0,91.8,0
94138,27,9.6,82.9,0
128345,103,13.4,115.0,1
111973,99,5.5,84.2,0
38666,119,8.0,89.2,0
290394,78,4.3,104.1,1
261961,39,4.7,97.9,0
274965,97,8.0,88.2,0
73738,31,3.8,94.1,0
249694,81,12.5,104.4,1
20201,32,7.4,108.3,1
95874,96,13.7,96.9,0
184999,24,2.5,103.8,1
45477,55,13.0,109.4,1
96278,107,13.4,88.6,1
167681,75,1.2,100.2,0
112735,92,2.6,110.1,1
119271,51,10.8,85.2,0
22497,20,1.1,109.1,1
125772,117,2.5,96.7,0
297207,35,9.8,109.2,1
283903,92,10.2,113.8,1
174105,98,2.4,89.6,1
175983,81,7.0,112.6,1
63476,91,10.2,80.9,1
236015,28,7.2,83.7,0
74603,33,5.3,87.5,0
142947,11,2.4,107.7,0
160393,86,11.2,95.9,1
62390,111,12.6,85.5,0
201431,11,11.9,110.3,1
137824,49,10.0,93.5,0
80957,48,11.6,111.6,1
104779,32,10.6,103.8,1
120373,41,11.1,115.0,1
229317,74,6.0,96.5,1
232179,98,8.5,95.0,0
162366,71,5.1,106.7,1
226478,6,12.9,106.4,1
283836,70,9.4,109.8,1
189349,60,9.3,100.9,0
142022,23,5.6,101.2,0
112568,118,4.4,105.5,1
198803,44,3.4,90.4,0
102613,36,7.7,93.0,0
133810,45,12.1,110.0,1
104645,103,10.8,94.6,0
248330,31,2.2,99.3,0
126384,109,11.3,106.5,1
50399,91,6.8,85.1,0
238879,15,7.2,90.7,0
264612,81,9.6,104.0,1
255828,66,6.7,107.0,1
190297,69,10.3,112.1,1
34220,55,8.3,91.4,0
10692,97,11.5,92.8,0
129306,29,8.9,90.2,0
83088,52,13.8,89.4,0
213939,86,9.0,106.3,1
110909,120,6.4,81.9,0
98467,56,6.4,92.9,0
159353,41,6.9,96.1,0
65275,38,6.6,83.2,0
171171,119,5.7,89.0,0
128609,47,6.7,114.7,1
18315,112,1.4,107.8,1
257862,34,1.3,97.2,0
70698,22,2.3,102.3,1
291385,117,6.1,102.8,1
11257,21,12.6,94.2,0
52735,99,1.5,100.3,0
237833,61,3.1,88.7,0
77778,49,13.8,86.6,0
223631,33,1.8,91.4,0
135526,67,8.8,110.2,1
237240,87,13.3,99.2,1
73336,47,10.2,94.4,0
118551,113,10.8,94.5,1
203540,6,7.1,83.0,0
17731,68,3.5,110.2,1
261238,6,4.2,95.9,0
87161,64,10.2,98.5,1
88899,42,2.3,96.1,0
190950,72,5.8,114.9,1
163493,53,13.3,104.6,1
255971,28,4.4,102.9,1
12910,59,1.5,99.8,0
143859,80,11.3,111.7,1
136299,26,11.0,105.4,1
189528,103,12.4,87.5,1
205997,35,6.4,86.3,0
223667,39,2.7,98.0,0
36047,49,7.9,97.5,0
117012,15,2.4,85.1,0
172543,9,5.0,85.9,0
74546,14,3.3,114.2,1
93820,56,3.2,107.2,1
56776,15,5.8,97.5,0
153421,103,9.9,105.7,1
185422,96,8.4,100.8,0
237689,80,6.5,85.8,0
234402,10,11.3,99.1,1
247850,64,7.6,100.7,0
39249,106,5.2,99.3,0
119212,109,1.0,102.1,1
255968,72,12.0,87.3,1
100371,90,6.7,94.6,0
116810,78,2.3,101.4,0
218628,64,9.0,94.4,0
206921,9,10.4,110.7,1
61274,117,5.8,82.2,0
265409,21,13.5,81.2,0
247548,27,9.0,89.1,0
139269,113,2.7,90.1,0
178751,70,2.3,109.0,1
260828,34,6.4,84.9,0
96793,120,7.6,108.8,1
298274,78,10.9,108.5,1
133540,48,11.4,95.2,0
132632,112,4.4,92.2,0
204269,83,4.2,109.9,1
99655,99,6.4,114.4,1
265859,30,9.7,92.7,0
204365,75,6.9,99.3,0
283885,8,2.5,94.5,0
24699,31,5.2,95.3,0
93317,23,12.0,92.1,0
252541,11,10.0,113.2,1
20514,103,12.9,96.7,1
231850,6,7.9,97.2,0
30532,6,6.3,87.9,0
158227,105,6.8,101.4,1
92522,37,8.8,87.4,0
295767,40,10.0,88.4,0
226919,72,13.8,93.0,1
95990,115,8.1,89.8,0
150767,67,8.9,109.5,1
135401,8,5.8,106.1,0
61654,56,1.0,102.6,1
187214,89,12.0,102.1,1
78837,53,13.7,102.4,1
250357,102,1.2,88.1,0
250382,37,6.8,107.1,1
137036,110,9.1,110.8,1
62604,35,13.7,99.8,0
157630,28,12.2,99.6,1
281914,74,10.6,103.9,1
78543,26,11.1,97.9,0
146291,64,5.3,98.3,0
33810,21,8.2,100.2,0
17227,81,8.5,105.2,1
67981,20,3.1,95.4,0
126573,84,1.7,108.3,1
105255,10,8.4,93.7,0
19366,66,9.7,111.8,1
59621,87,4.0,87.6,0
103579,31,8.9,102.4,1
176086,63,5.9,90.0,0
51762,104,8.9,88.0,0
61673,6,8.8,103.7,0
249748,99,5.3,105.7,1
132344,104,4.8,81.0,0
83930,83,5.1,81.3,0
36691,108,5.1,98.7,0
140820,59,14.0,99.6,0
10377,100,2.3,101.4,0
109506,106,9.1,93.0,0
83349,32,6.8,87.0,0
40319,112,12.5,95.1,1
221366,96,11.9,108.9,1
46700,107,7.3,88.8,0
204657,114,12.9,101.7,1
241521,85,13.4,97.6,1
138644,14,12.2,86.9,0
166409,40,10.9,89.9,1
260092,33,4.8,102.8,1
165565,37,1.6,99.0,0
232000,94,12.5,93.3,1
137949,115,11.6,93.7,1
160920,89,1.2,94.0,1
211278,24,1.7,103.0,1
298048,91,13.4,84.0,1
121827,70,2.3,92.6,0
185770,98,10.7,93.4,1
271646,51,11.6,90.4,1
149182,66,11.0,97.1,1
155606,92,10.6,100.8,1
240348,8,9.5,91.6,0
131770,15,2.4,101.7,0
69234,31,6.4,84.3,0
176971,103,11.1,83.2,1
69926,65,3.9,89.9,0
14169,107,8.4,81.4,0
168568,33,8.1,93.9,0
117033,65,9.1,87.6,0
196303,79,3.0,95.7,1
269399,30,7.8,101.2,0
130049,58,4.4,87.3,0
66805,93,4.8,93.1,0
62194,19,11.9,89.9,0
137255,31,8.5,113.0,1
258445,98,9.3,106.5,1
111681,8,3.8,112.4,1
84220,39,7.2,107.6,1
211613,21,8.8,113.7,1
221947,66,10.9,114.2,1
274448,56,1.5,95.8,0
233589,40,12.3,92.9,0
37937,113,7.6,91.7,0
195254,44,8.0,113.2,1
176260,83,10.2,103.6,1
118411,92,11.9,114.9,1
156181,51,2.6,102.4,1
66204,18,5.1,110.8,0
280306,45,6.2,101.4,0
281089,118,11.7,97.5,1
65844,18,8.8,107.8,0
240251,76,8.9,80.4,1
174633,59,1.2,112.3,1
274097,13,12.8,83.5,1
267464,19,11.2,93.6,0
122288,66,2.3,90.3,0
135048,42,5.0,113.3,1
47662,111,5.1,99.8,0
32487,36,8.5,108.9,1
218154,117,7.8,88.3,1
96622,54,6.7,84.1,0
233949,75,5.8,110.8,1
74656,40,7.4,83.4,0
120875,80,11.1,92.4,1
69976,106,9.1,95.7,0
122702,27,8.6,112.1,1
133882,69,6.9,81.6,0
94274,113,13.5,80.2,0
206667,86,13.7,85.1,1
28476,91,6.3,113.3,1
101428,72,4.9,107.0,1
65382,78,10.8,93.4,0
177640,18,6.5,105.3,1
51246,23,9.7,99.0,0
73513,15,4.4,87.9,0
157929,87,6.8,112.4,1
76064,14,7.8,88.6,0
69829,9,3.0,113.0,1
55052,38,5.1,88.1,0
139325,88,3.9,96.8,0
75077,83,13.7,110.4,1
223140,18,7.3,91.5,0
168491,116,5.4,88.4,0
245604,58,4.0,96.4,0
193691,18,3.7,82.8,0
131782,59,12.9,113.3,1
199862,53,12.3,90.6,0
253406,38,7.7,111.2,1
143401,116,11.2,95.7,0
53047,63,5.7,81.9,0
118319,14,2.1,87.2,0
172315,24,1.1,99.6,0
105373,19,7.6,86.5,0
15871,38,7.0,93.9,0
84969,48,4.3,85.7,0
73616,71,8.6,83.4,0
140465,110,6.2,106.5,1
17184,104,3.0,99.2,0
179893,13,3.6,94.4,0
46106,14,10.4,85.3,0
26089,25,13.8,85.9,0
128762,55,3.5,99.4,0
51683,62,10.0,106.1,1
132337,83,2.6,83.6,0
71185,61,1.7,102.4,1
156869,11,9.9,114.7,1
281700,74,12.4,109.0,1
32459,96,1.4,87.9,0
29774,86,6.0,82.8,0
207264,57,5.8,95.3,0
125859,91,7.7,89.2,0
263579,110,4.0,93.0,0
293845,48,3.3,113.0,1
55170,82,8.8,97.0,0
62588,68,9.7,98.6,0
36810,116,11.8,99.8,0
236685,6,12.0,96.9,0
51248,112,7.1,105.9,1
180469,41,7.2,90.4,0
223063,97,4.4,105.8,1
92127,49,1.7,91.4,0
24802,96,7.9,108.2,1
209590,77,1.0,80.9,1
150571,16,10.6,92.9,1
268087,52,9.4,84.8,0
263536,101,5.3,98.9,0
195619,76,4.7,108.5,1
179445,32,12.9,103.5,1
66332,36,5.5,103.3,1
282772,70,13.8,87.3,1
78239,75,1.8,103.5,1
241339,98,12.1,88.2,1
116985,115,6.0,100.4,0
148937,59,10.7,87.1,0
47897,22,1.9,99.4,0
108899,14,7.6,106.7,0
225613,103,1.9,96.2,1
229765,25,12.5,108.2,1
189516,118,9.8,97.7,1
252745,25,7.6,87.0,0
271066,79,8.0,101.8,0
213182,43,13.3,83.0,0
114036,47,3.1,109.3,1
69056,14,6.8,92.8,0
274409,71,8.6,83.6,1
179911,43,1.7,101.2,0
128499,85,7.2,87.7,0
137072,32,4.3,97.1,0
201899,82,2.6,100.4,1
95504,70,10.1,107.2,1
230986,38,11.5,112.3,1
158660,33,4.2,84.4,0
71515,120,7.4,91.3,0
279042,43,13.4,104.1,1
168427,62,2.4,88.5,1
202123,83,7.3,99.3,1
155730,10,5.8,93.0,0
131385,65,4.5,92.2,0
144377,20,13.1,89.2,0
224371,88,1.8,93.7,0
45683,39,9.6,96.3,0
163079,51,7.2,108.7,1
205573,32,4.4,106.8,1
112084,58,1.1,83.5,0
172268,31,3.9,90.1,0
146251,108,10.3,98.0,1
22119,80,7.4,111.9,1
48410,95,12.7,103.6,1
53557,9,6.7,92.0,0
27098,66,6.3,96.4,0
270457,79,1.8,86.7,1
90231,18,4.6,107.8,1
46614,18,12.8,92.2,0
123204,43,4.3,108.0,0
232479,105,10.9,104.2,1
112518,56,12.1,101.6,0
192088,8,5.4,106.9,1
26511,87,13.4,100.0,1
51962,92,11.6,100.9,0
290588,60,3.5,102.2,1
121772,106,8.5,101.9,0
241100,77,9.9,110.3,1
130135,59,13.7,97.3,0
231389,93,4.7,102.2,1
171199,30,13.2,91.7,1
258828,56,3.1,89.3,0
133538,37,9.3,88.5,0
230129,117,4.4,100.4,1
65356,99,10.9,109.2,1
119782,68,4.7,87.9,0
240847,38,9.3,112.7,1
190878,119,6.9,102.4,1
191675,42,10.2,92.3,0
54374,100,7.8,101.3,0
73677,20,11.0,82.5,0
86384,18,3.8,105.2,1
289923,14,2.7,105.1,1
137819,37,10.7,92.7,0
226793,29,3.7,90.3,0
45884,23,7.7,113.0,1
265362,92,12.8,107.9,1
50426,98,7.9,89.6,0
211116,50,8.2,110.3,1
120316,33,12.4,112.1,1
166765,96,12.4,80.5,1
25041,81,2.5,107.4,1
150684,44,7.6,95.8,0
81390,37,8.3,94.2,0
159672,101,9.7,87.0,1
60832,52,11.2,96.2,0
68629,93,1.4,81.1,0
269687,40,7.3,89.8,0
223841,88,7.2,101.4,0
40124,21,1.8,112.1,1
112305,119,11.0,81.2,1
170367,38,12.3,110.0,1
207213,98,11.1,101.3,1
108998,57,1.1,96.8,0
71173,62,12.8,110.5,1
14972,20,6.2,106.6,1
156625,89,9.5,88.8,0
29800,79,7.0,88.7,0
76490,28,5.8,114.4,0
200263,105,10.3,104.5,1
112726,69,1.2,82.9,0
92053,112,10.7,114.9,1
217411,31,5.7,91.7,0
177647,67,7.0,92.7,1
121704,89,3.1,96.5,0
144881,20,4.8,90.8,0
10809,99,8.4,104.6,1
84178,50,1.6,81.7,0
147057,107,3.1,104.0,1
143718,51,10.5,104.6,1
190422,72,12.9,90.7,1
167683,15,6.1,96.1,0
206426,24,2.9,86.1,0
63049,37,4.1,89.4,0
230758,31,9.4,106.5,1
287829,45,8.9,98.1,0
195693,31,7.0,98.9,0
63658,7,12.7,90.5,0
214986,117,7.6,96.6,1
268528,72,4.8,94.2,1
97831,80,11.5,89.2,0
182493,118,7.5,85.7,1
284498,17,10.1,98.4,0
174968,106,5.7,95.1,0
189171,86,2.7,110.7,1
81964,37,12.8,94.4,0
289573,42,12.4,89.9,1
207198,105,13.4,113.8,1
43082,105,1.6,100.5,0
68573,66,7.3,106.6,1
71221,66,11.0,88.5,0
69745,45,6.6,112.4,1
217525,61,6.0,110.4,1
156286,52,10.1,111.2,1
115742,39,4.8,101.4,0
91841,74,1.2,101.4,0
292447,45,4.1,88.0,0
99329,84,8.4,84.6,0
194610,13,8.6,94.8,0
181844,26,2.2,102.9,1
41857,62,9.8,83.9,0
176767,109,3.3,100.3,0
162300,112,10.1,83.2,1
221153,31,10.7,114.0,1
144828,100,12.3,91.7,0
50023,18,3.8,82.2,0
184006,110,2.0,113.4,1
262528,69,7.8,84.3,0
280737,63,3.2,99.8,0
234467,70,12.9,95.6,1
150875,40,10.8,114.8,1
279986,108,11.3,89.4,1
18194,111,13.6,82.3,1
118141,10,11.5,108.1,1
289649,82,13.7,80.3,1
46207,24,11.0,108.7,1
187416,30,5.4,108.9,1
274418,65,10.2,99.9,1
74135,37,5.2,83.9,0
213943,104,7.2,88.2,1
151703,101,6.0,98.3,1
181924,83,8.9,91.3,0
145527,98,7.8,93.2,0
66855,28,1.4,93.5,0
120001,35,12.5,107.0,1
156703,52,14.0,102.7,1
138119,62,7.2,84.0,0
110916,11,9.6,114.4,0
159069,74,3.0,99.9,0
19392,66,9.3,111.1,1
266048,23,6.5,95.2,0
298220,100,3.9,101.3,0
232963,80,9.7,102.2,1
62931,100,13.5,112.4,1
90979,91,10.7,90.9,1
200334,104,11.0,87.3,1
68815,109,7.7,109.1,1
62783,79,1.7,104.6,1
178142,89,4.0,85.9,0
47957,102,13.6,100.6,1
20210,101,10.1,87.6,1
12908,79,12.0,98.8,1
133393,87,5.7,92.7,0
128843,45,11.0,105.0,1
115704,120,10.7,87.8,0
126446,92,3.7,111.1,1
137941,96,1.4,93.3,0
282225,19,6.5,87.6,0
268847,30,11.5,111.7,1
16399,53,9.7,112.3,0
82905,26,2.9,82.6,0
123033,28,11.3,84.4,0
132393,119,8.2,99.8,0
252780,19,5.2,114.6,1
18513,116,11.1,88.0,0
13745,52,10.2,94.6,0
217194,9,3.0,97.9,0
97093,120,2.6,94.1,0
43727,82,3.6,101.4,0
62018,63,9.7,88.2,0
293581,32,2.1,113.2,1
233828,85,11.2,101.3,1
246846,63,5.5,114.5,1
79393,111,12.0,101.6,1
69148,57,5.7,110.3,1
168831,24,9.4,80.4,0
133350,34,7.1,82.3,0
139005,81,11.8,113.1,1
129030,84,10.2,100.3,1
206818,12,10.2,114.8,1
61666,80,4.5,84.5,0
220170,11,4.6,92.9,0
202774,76,5.3,111.8,1
286440,36,12.0,98.3,1
53545,107,3.5,110.8,1
132467,65,5.2,107.3,1
265572,107,4.4,100.7,1
229569,72,10.5,95.6,1
171352,17,13.4,105.1,1
61056,66,13.8,91.3,1
108015,22,7.8,98.5,0
166830,73,2.0,100.2,1
159549,7,10.1,90.1,1
22712,87,6.5,99.7,0
109987,62,13.2,102.4,1
273628,77,9.8,109.5,1
152690,56,8.4,114.0,1
171578,106,10.0,84.0,1
30081,116,10.9,105.3,1
196278,52,7.6,111.9,1
95707,86,8.7,101.7,0
78906,10,4.4,102.1,0
161618,16,12.5,104.0,1
103328,68,13.8,99.1,0
219208,86,5.8,93.1,1
192175,94,12.8,80.7,1
16248,88,8.9,107.0,1
14309,34,12.5,84.4,0
156050,43,13.3,100.7,1
72226,60,13.1,85.7,0
264975,119,13.8,104.6,1
42347,116,6.0,99.4,0
214929,87,2.8,102.1,1
125390,113,11.9,107.6,1
147692,43,5.1,109.8,1
247575,28,7.0,100.2,0
83195,89,4.8,98.9,0
32955,37,10.2,98.1,0
136897,9,13.3,100.6,0
269483,56,11.8,89.2,0
257578,23,3.0,96.2,0
50934,95,13.2,87.8,0
20345,18,10.3,101.4,0
128466,52,9.0,90.6,0
154331,44,6.4,100.1,0
154896,85,1.0,107.0,1
281439,10,7.9,103.5,1
254793,109,2.9,114.4,1
233344,99,10.3,87.2,1
23008,120,8.9,87.6,0
253182,46,9.9,97.9,0
199511,83,9.7,95.0,0
153913,66,12.4,98.9,1
133229,31,6.5,108.8,0
56218,77,6.0,95.8,0
154638,8,11.7,100.5,1
145079,37,6.7,87.3,0
280699,103,4.3,97.0,0
181885,8,14.0,103.3,1
131611,92,11.1,101.6,1
230867,77,5.8,89.5,0
30349,11,14.0,99.0,0
88425,40,10.0,87.0,0
75458,14,8.0,98.7,0
278765,110,10.7,107.1,1
146320,84,12.9,103.9,1
147615,9,11.8,103.2,1
253517,103,7.4,88.0,1
224771,62,10.5,109.8,1
113369,61,7.8,100.8,0
38910,81,5.8,81.8,0
207797,44,7.1,92.3,0
192375,100,12.2,114.0,1
241640,39,4.8,110.4,1
92672,20,3.5,105.7,0
256344,118,3.5,113.9,1
162607,100,13.3,93.2,1
52998,107,5.0,83.0,0
294139,53,10.7,89.1,0
236846,90,4.0,80.0,1
52218,64,6.3,86.0,0
169002,61,1.9,83.4,0
186748,31,10.7,110.1,1
136895,57,9.0,113.8,1
179047,59,2.8,99.9,0
124213,34,13.2,88.6,0
29816,63,12.0,100.5,1
23697,80,10.7,101.6,1
37360,101,10.1,105.1,1
151571,114,7.3,86.5,0
43412,85,3.7,112.2,1
183987,72,4.0,94.4,0
176445,17,7.6,85.1,0
130784,40,10.1,86.4,0
10856,29,6.3,104.9,0
14242,87,10.2,93.6,1
232333,36,4.2,84.1,0
219552,45,7.0,97.8,0
28519,79,9.9,84.5,0
272513,21,3.8,107.1,1
80076,21,4.8,101.2,0
101581,44,13.9,104.3,1
40977,41,1.9,97.0,0
134330,94,12.6,86.5,1
151530,50,5.2,90.0,0
234553,110,9.3,114.1,1
113681,35,5.5,107.5,0
299314,32,12.9,110.5,1
236356,64,9.6,103.2,1
121435,113,7.2,84.5,0
94616,70,5.2,98.7,0
131920,32,5.0,98.6,0
24644,62,6.5,105.6,1
138224,8,1.2,97.6,0
56645,105,10.6,84.6,1
208301,42,6.8,95.4,0
168563,79,4.7,86.2,1
75596,65,3.8,103.2,1
13737,38,11.4,103.6,1
42288,77,4.0,93.5,0
276561,25,13.6,96.2,0
178077,85,12.6,86.6,1
279979,6,7.8,85.6,0
279464,65,2.0,89.1,0
298240,80,9.4,99.8,0
56370,107,1.7,95.8,0
265387,113,12.0,91.7,1
118649,48,2.9,107.0,0
246989,114,10.0,104.0,1
220356,27,6.7,105.3,1
100690,17,2.5,84.6,0
16070,33,14.0,83.6,0
273507,12,7.1,87.4,0
189459,33,5.3,101.7,0
288006,107,2.0,94.1,0
126472,26,7.6,90.2,0
221207,47,13.1,91.9,0
22167,39,1.0,99.4,0
37268,12,4.1,112.7,0
287907,93,13.6,95.6,1
40859,40,11.0,80.3,0
199643,53,6.7,112.0,1
162836,36,4.7,92.5,0
90139,55,5.3,80.5,0
276216,105,11.3,114.6,1
189745,15,3.3,108.6,1
17746,75,10.2,85.2,1
51019,33,6.7,114.3,0
260208,87,3.9,106.4,1
269972,83,8.5,100.2,0
90410,64,13.6,89.0,1
244710,89,11.5,103.3,1
289153,118,4.8,85.9,1
282619,106,5.0,91.5,1
241892,28,13.6,97.8,1
174249,50,6.2,84.9,0
288763,74,13.8,112.4,1
167422,114,10.1,103.9,1
138521,13,10.7,108.3,1
253145,64,1.8,87.9,0
254582,38,13.1,83.8,0
159280,32,7.0,88.7,0
245333,54,7.5,109.0,1
243397,118,3.3,111.4,1
131133,89,6.9,106.3,1
150716,55,4.8,80.4,0
239683,118,10.2,107.4,1
287197,53,4.1,96.0,0
86613,18,5.0,94.8,0
100911,21,12.9,91.7,0
145825,40,7.5,101.3,0
63575,36,7.8,87.3,0
291576,91,13.4,90.8,1
153464,66,5.2,106.8,1
106790,55,12.0,114.5,1
202239,78,11.0,113.0,1
112474,51,8.1,83.9,0
269142,65,12.8,101.4,1
245156,56,7.6,99.3,0
23900,14,11.2,88.6,0
239229,33,6.4,112.4,1
149974,44,5.9,89.3,0
48131,21,6.7,110.6,0
161919,37,3.1,94.7,0
251163,74,12.2,104.6,1
167545,26,3.5,82.5,0
143445,111,10.8,111.9,1
286618,72,2.0,94.1,1
129382,86,6.4,85.0,0
254035,7,6.5,88.3,0
130152,26,9.9,104.8,1
118315,79,2.7,114.0,1
248960,33,10.2,96.6,1
291990,40,1.6,94.2,0
161816,103,5.6,87.7,0
168644,23,10.5,109.4,1
88149,108,7.3,112.7,1
117097,62,7.0,84.7,0
80040,17,4.1,88.5,0
250503,50,4.9,101.3,0
106536,85,7.2,82.0,0
55442,11,5.4,85.6,0
56739,25,5.9,87.3,0
164584,17,4.7,100.9,0
10972,12,12.6,84.3,0
72509,92,11.9,82.2,1
172721,106,9.1,100.2,1
293743,53,11.7,86.1,1
133040,59,7.3,93.5,0
275440,27,13.2,88.1,0
168851,71,8.7,113.1,1
31929,80,7.3,85.1,0
59287,50,8.8,107.9,1
252986,64,12.5,81.3,1
31129,63,13.9,107.0,1
129400,79,1.4,97.6,0
44623,83,8.1,92.7,0
101404,70,10.5,100.1,0
260236,83,11.8,108.9,1
52939,37,13.8,99.2,0
23254,86,5.3,82.5,0
261494,46,9.8,85.0,0
204596,71,4.6,83.1,0
204219,37,4.1,101.5,0
127277,71,3.0,100.9,0
85308,106,11.7,82.6,1
225995,101,4.6,81.5,1
82062,32,12.7,81.9,0
35321,16,1.7,103.2,1
239853,83,3.7,84.9,0
266073,89,11.8,94.6,1
284924,29,8.4,91.9,0
223943,96,9.1,86.0,0
280141,35,10.1,88.1,0
85805,62,9.8,94.4,0
249047,47,13.5,92.9,1
281256,10,4.2,105.9,1
12240,118,11.9,112.0,1
28666,42,7.0,112.7,0
93008,9,7.0,89.1,0
178526,89,13.7,101.6,1
54892,20,9.4,93.2,0
172236,32,1.5,86.7,0
183903,105,7.2,111.8,1
284376,23,11.2,81.0,1
142178,22,10.8,90.9,0
265685,24,10.5,95.0,1
95271,77,3.7,94.5,0
92877,35,3.4,107.1,0
213438,7,6.3,94.3,0
196406,77,5.2,108.7,1
100571,57,10.3,112.5,1
101397,64,7.8,100.0,0
105582,61,10.2,102.8,1
257741,88,11.4,97.0,1
240003,104,10.9,83.2,1
241109,16,3.2,104.4,1
45044,39,13.5,111.0,1
28348,8,6.8,102.9,1
62139,83,7.0,90.7,0
56368,27,1.6,84.3,0
140034,99,3.0,81.8,0
91312,104,13.8,84.7,1
263847,84,12.6,90.7,1
60430,90,5.3,109.6,1
226654,42,9.3,108.5,1
121043,54,9.2,100.8,0
22596,72,6.0,82.7,0
92910,106,3.9,95.7,0
286117,104,9.6,98.0,0
281945,74,8.5,111.9,1
246444,114,1.6,112.6,1
12088,35,1.0,81.6,0
238993,120,1.3,94.8,1
21002,29,2.7,100.9,0
169852,110,6.6,106.9,1
198448,107,8.6,98.2,1
202483,6,8.2,87.6,0
221443,108,10.2,86.5,1
56249,17,13.8,106.0,1
83025,111,14.0,91.7,1
127393,92,3.6,111.9,1
219047,107,13.7,86.8,1
112919,49,6.8,96.0,0
134315,68,5.0,112.2,1
40909,116,1.9,103.3,1
256625,81,10.7,83.3,1
31245,9,4.2,92.1,0
211431,21,13.5,109.9,1
26426,65,11.7,84.7,0
282995,72,11.8,95.6,1
194488,67,8.3,98.1,0
261959,92,6.9,107.1,1
280662,39,11.9,96.0,0
134847,34,5.7,108.6,1
184295,108,11.7,105.1,1
245271,101,7.6,106.2,1
137428,37,11.6,84.6,0
105372,106,13.3,106.0,1
229890,86,8.3,109.1,1
268355,31,7.9,93.4,0
259619,96,13.1,80.9,1
166526,23,12.0,92.1,1
122426,25,13.1,91.9,0
149172,52,2.6,114.5,0
165529,30,5.5,82.3,0
254229,81,3.6,84.5,1
268128,33,12.0,94.9,0
187993,28,9.0,108.7,1
86518,50,5.5,89.7,0
145707,13,1.2,111.3,1
95064,120,10.7,83.7,1
72466,17,1.1,114.0,1
12414,112,13.0,92.7,1
205092,43,1.3,108.4,1
14959,47,13.6,104.8,1
23503,100,8.2,91.1,0
59619,114,5.1,85.9,0
163381,88,13.3,99.5,1
211405,114,11.4,92.2,1
185621,53,2.1,104.1,1
262046,91,5.8,85.4,0
118929,43,1.6,100.6,0
108084,67,5.0,100.4,0
127537,20,8.0,84.3,0
253454,8,5.6,95.1,0
57360,77,9.0,101.6,0
189671,43,5.5,84.2,0
214223,13,3.3,109.9,1
221217,26,5.2,91.2,0
214565,117,10.9,95.1,1
113534,8,1.1,106.8,1
104848,81,7.2,110.6,1
182868,24,3.0,108.4,1
30748,90,3.0,82.0,0
298901,18,4.7,81.6,0
171335,103,12.8,114.2,1
71470,87,5.5,114.1,1
73714,41,3.4,102.4,1
136549,90,6.2,81.2,0
139407,91,1.8,107.7,1
124552,87,2.7,110.6,1
47677,104,6.3,99.3,0
109431,104,12.1,92.2,1
141228,93,4.0,110.5,1
99870,40,2.6,103.5,0
164357,105,1.6,102.9,1
50679,86,3.1,99.2,0
21690,84,2.0,103.8,1
79463,39,4.8,96.9,0
130213,30,5.2,108.3,0
213061,102,10.6,109.0,1
154510,100,4.6,84.2,1
36961,10,8.0,106.8,1
82983,14,12.1,95.4,0
224251,43,9.9,85.0,0
108881,89,8.4,104.2,1
180818,23,9.5,95.2,0
88739,30,5.6,101.0,0
161531,119,9.1,81.1,1
151914,47,12.3,100.7,0
272663,19,1.2,101.0,0
47594,110,8.7,112.3,1
48574,39,10.5,84.1,0
223372,107,4.2,82.0,0
231140,10,3.9,109.2,1
224160,43,4.5,86.6,0
62020,21,9.2,98.7,0
190262,92,12.1,114.8,1
164046,73,6.4,106.3,1
201563,25,12.1,94.4,0
272636,67,9.4,105.2,1
40178,16,4.3,100.5,0
127613,58,12.0,95.6,0
229092,19,5.6,100.1,0
31202,41,13.7,109.6,1
43918,109,13.6,99.6,1
25722,97,9.3,87.8,0
292149,70,8.3,80.6,0
139206,92,4.4,94.2,0
49049,103,13.8,80.9,0
24030,73,5.5,98.7,0
101383,88,2.7,84.7,0
222546,63,4.1,99.1,1
243086,111,7.8,85.3,1
163801,35,3.0,106.2,1
73017,70,11.3,99.5,0
142614,101,8.9,88.3,0
120765,20,2.8,84.6,0
196016,63,6.0,86.4,1
199742,101,4.1,113.9,1
182803,16,10.8,81.1,0
189821,27,11.1,90.0,1
169412,71,2.8,106.9,1
296109,32,9.2,88.5,0
139387,46,12.4,88.1,0
66673,72,1.2,95.7,0
212335,55,3.4,91.1,0
95356,70,12.0,82.6,1
87999,116,3.4,82.6,0
37139,44,13.0,92.4,0
226810,63,2.5,96.2,1
147772,110,11.5,113.5,1
98796,19,12.7,101.7,0
33763,109,7.8,90.0,0
272532,70,7.6,85.2,0
52307,69,1.6,108.5,1
39883,96,12.6,98.1,1
207854,37,4.1,114.2,1
294224,49,5.3,114.5,1
43595,66,9.4,94.7,0
146700,63,2.8,89.4,0
49423,13,5.4,90.4,0
205245,83,2.2,103.8,1
166160,119,13.8,87.8,1
258312,48,5.7,80.1,0
128947,90,7.3,95.1,0
288341,74,5.6,92.9,0
165330,25,3.8,95.6,0
253335,55,8.2,85.8,0
30151,32,6.0,110.8,0
173130,113,8.8,105.9,1
211121,19,6.8,102.6,1
41272,32,9.8,96.6,0
17815,13,11.9,87.3,0
223384,76,6.1,89.3,1
297162,119,12.8,98.5,1
201486,65,2.2,80.4,1
88945,64,12.8,101.5,1
200415,71,13.5,92.8,1
104308,75,6.4,81.5,0
194666,75,4.3,109.0,1
174270,69,8.9,105.7,1
286731,59,13.0,98.4,1
155873,113,7.2,87.0,1
244226,95,3.2,89.1,0
207684,93,3.4,107.8,1
285969,99,3.4,85.2,0
154865,76,3.2,81.9,0
290748,28,1.2,110.4,1
196194,85,4.7,80.6,0
222264,22,1.3,113.8,1
14088,102,5.3,89.1,0
56773,6,6.9,103.1,0
109223,37,9.0,106.6,0
59137,7,2.1,98.9,0
285198,114,8.7,111.4,1
193875,12,11.2,92.5,0
39828,27,9.6,90.5,0
288378,60,13.1,106.8,1
149983,104,6.7,90.2,0
136583,103,10.2,110.0,1
103108,101,5.3,98.8,0
241620,38,10.8,100.3,0
236587,13,12.1,84.6,0
99315,105,7.3,106.2,1
52744,94,3.9,108.2,1
221440,6,6.0,101.7,0
204197,79,2.6,99.7,1
264990,117,10.8,114.0,1
171013,117,5.0,98.8,1
114728,63,4.3,102.0,0
102294,119,1.9,85.7,0
165076,80,9.7,83.1,1
60724,8,9.2,111.1,1
268376,7,6.7,106.7,1
61353,85,11.1,95.2,0
265988,79,11.9,82.4,1
89117,49,2.5,83.0,0
22464,57,7.4,101.8,0
164562,92,8.5,109.3,1
134889,41,11.9,97.5,0
280228,85,1.1,102.9,1
232949,105,6.4,89.9,1
138686,75,10.4,85.2,1
253152,105,11.3,99.3,1
264183,117,1.1,108.8,1
292800,54,7.3,90.3,0
257336,30,11.8,97.0,0
275848,19,11.3,112.2,1
34738,7,4.1,102.0,0
230658,23,5.4,104.6,1
75677,83,7.6,105.4,1
12329,38,13.9,114.6,1
124192,59,9.5,100.4,0
298693,6,9.7,99.1,0
290140,16,3.2,90.7,0
217904,98,3.1,80.2,0
299512,16,13.0,113.9,1
108762,62,12.3,91.3,1
265737,15,1.6,88.2,0
46251,17,8.1,86.4,0
222474,74,4.3,81.5,1
213381,19,5.5,106.1,1
166080,36,3.3,102.1,1
38215,9,10.3,92.3,0
46292,48,9.0,82.8,0
156288,36,10.0,99.6,0
56392,92,1.1,107.7,1
30410,84,3.5,89.7,0
179778,35,11.9,101.7,1
244474,112,12.9,88.2,1
128733,11,13.0,82.1,0
284245,48,12.2,106.7,1
133104,104,1.8,107.5,1
88283,104,8.0,113.9,1
242066,9,5.3,113.9,1
30480,45,2.5,85.8,0
290440,35,11.0,92.7,1
186627,114,6.4,99.4,1
70160,62,9.3,91.1,0
212064,111,12.4,106.4,1
57405,69,4.8,104.7,1
295143,6,13.2,83.2,1
111787,61,9.0,81.8,0
210750,55,12.2,95.5,0
276619,78,5.5,99.3,1
125964,50,6.9,86.2,0
220689,52,11.8,104.0,1
20720,15,1.0,86.7,0
244036,10,4.2,107.2,1
242052,17,12.3,111.5,1
215678,10,6.7,99.8,0
48430,108,5.6,112.1,1
173551,47,2.6,90.4,0
261013,18,13.4,109.8,1
48094,82,8.6,100.0,0
200149,63,3.6,82.8,0
176518,98,10.3,87.4,1
186048,20,11.4,111.4,1
25142,67,11.7,87.2,0
29689,60,9.6,95.5,0
144489,23,8.0,113.2,1
247015,96,12.7,103.5,1
83778,92,7.7,84.8,0
88487,19,4.4,87.5,0
98290,58,11.9,80.6,0
10679,86,7.1,106.5,1
271576,26,12.6,102.7,1
243355,97,13.9,85.7,1
169965,29,11.2,91.7,1
287691,78,12.7,89.2,1
65557,88,10.9,98.5,0
210274,64,3.8,107.9,1
214572,98,3.2,96.5,1
237431,85,2.2,105.4,1
193892,91,9.5,101.4,1
241094,106,12.1,108.0,1
275937,19,12.7,110.0,1
298426,9,11.7,90.5,1
126891,100,13.0,95.1,1
188828,74,13.5,101.1,1
178892,109,13.5,109.6,1
291308,87,9.0,81.3,1
17366,79,2.1,85.2,0
276984,101,13.4,85.8,1
155467,84,9.1,81.7,0
200102,49,3.4,90.9,0
16007,7,4.3,93.5,0
